Link,PTS21,PTS22,SNAP_PCT21,SNAP_PCT22
/players/B/BeckOd00.htm,8.70;3.10;2.00;7.90;2.30;0.60;1.80;14.10;8.80;13.70;0.70;9.70;9.90;1.80;85.1,,64.2%;79.5%;80.6%;54.2%;60.6%;72.9%;27.3%;98.4%;52.9%;72.4%;75.8%;91.4%;98.3%;78.5%;,
/players/H/HurtJa00.htm,28.76;21.80;20.54;28.18;22.92;25.00;23.54;11.22;16.68;18.62;30.78;6.86;27.64;16.66;12.96;312.16,24.72;33.02;27.60;15.96;27.66;16.90;28.40;20.02;21.80;24.20;29.82;34.40;30.38;34.70;8.46;378.04,100.0%;100.0%;100.0%;100.0%;100.0%;100.0%;100.0%;78.5%;100.0%;100.0%;100.0%;100.0%;100.0%;88.9%;100.0%;,100.0%;100.0%;100.0%;100.0%;100.0%;100.0%;80.7%;100.0%;100.0%;100.0%;100.0%;87.7%;92.6%;100.0%;100.0%;
/players/T/ThieAd00.htm,21.20;9.90;11.00;4.60;4.00;18.80;13.80;6.60;6.50;14.20;18.20;;4.00;132.8,3.60;5.20;12.10;7.20;2.70;11.60;6.70;6.70;4.90;2.50;12.10;2.70;12.50;10.10;0.60;1.60;7.20;110,94.0%;100.0%;96.0%;98.5%;92.5%;97.8%;98.5%;88.9%;89.9%;94.3%;96.4%;7.9%;36.5%;,95.2%;96.7%;97.2%;97.2%;96.2%;86.5%;87.3%;93.9%;94.0%;77.2%;92.8%;86.8%;93.8%;90.0%;91.7%;84.5%;52.1%;
/players/R/RoetBe00.htm,12.02;13.80;13.22;9.28;16.02;10.86;14.64;16.20;22.92;8.52;19.34;24.82;11.92;6.36;6.82;11.36;218.1,,100.0%;100.0%;100.0%;100.0%;100.0%;100.0%;100.0%;100.0%;100.0%;100.0%;100.0%;100.0%;100.0%;86.1%;100.0%;100.0%;,
/players/H/HubbCh01.htm,0.40;1.00;7.90;7.10;13.40;12.50;5.60;13.10;3.60;8.70;;0.60;9.30;4.10;0.90;12.80;11.60;112.6,0.30;-2.00;2.50;;;0.70;13.30;1.40;2.50;6.50;15.90;6.70;12.50;6.50;6.90;73.7,10.9%;25.0%;54.8%;47.1%;64.8%;64.9%;53.1%;55.4%;16.9%;21.3%;2.0%;20.0%;39.1%;47.4%;48.6%;52.5%;44.4%;,5.7%;3.4%;11.5%;5.8%;15.9%;9.1%;46.0%;18.2%;40.4%;42.4%;31.9%;63.0%;45.6%;53.0%;69.5%;
/players/D/DaltAn00.htm,5.54;8.74;0.32;16.04;15.78;11.76;10.32;15.70;84.2,13.74;9.88;10.48;26.54;17.16;10.90;7.06;22.20;10.26;13.26;14.14;1.58;6.00;11.04;174.24,92.8%;35.4%;4.7%;49.2%;100.0%;100.0%;98.5%;100.0%;,95.0%;88.3%;87.5%;98.6%;84.4%;90.2%;91.5%;70.2%;86.0%;88.1%;85.5%;72.2%;81.2%;85.0%;
/players/D/DaviMi01.htm,7.20;6.30;7.00;8.60;10.10;1.00;6.60;1.80;1.80;2.10;4.10;12.90;8.60;2.10;3.50;11.70;-1.20;94.2,1.10;0.40;;;0.30;;0.70;;2.5,75.0%;63.9%;59.7%;67.1%;64.1%;60.3%;64.2%;55.9%;37.0%;48.1%;50.0%;53.5%;56.5%;45.0%;56.5%;50.9%;36.0%;,12.5%;30.5%;1.7%;2.9%;7.7%;8.5%;4.4%;1.4%;
/players/B/BarkSa00.htm,2.70;6.90;15.40;24.60;0.90;5.60;5.30;7.40;15.50;5.40;2.80;10.20;4.90;107.6,27.40;8.80;18.60;16.20;16.60;15.50;13.50;12.20;22.00;3.50;11.20;14.10;4.80;18.00;19.30;5.30;227,47.5%;84.1%;85.7%;88.9%;8.8%;62.1%;86.7%;75.4%;55.1%;58.7%;34.2%;53.6%;60.0%;,83.3%;83.6%;91.7%;93.8%;68.9%;87.7%;80.5%;80.0%;79.7%;76.3%;73.4%;87.9%;31.3%;85.7%;91.3%;79.4%;
/players/P/PachIs00.htm,,12.20;0.60;0.90;6.30;;1.80;4.30;0.90;6.20;10.70;14.60;14.20;9.30;7.70;9.00;10.90;12.40;122,,22.9%;8.8%;7.9%;21.3%;2.8%;14.9%;29.7%;22.0%;55.6%;40.0%;51.3%;45.5%;42.6%;35.1%;49.1%;45.0%;35.6%;
/players/S/StafMa00.htm,24.34;17.22;29.52;19.30;16.50;25.24;27.16;24.20;13.06;9.82;21.98;24.00;23.48;15.46;6.68;14.26;17.52;329.74,7.80;18.88;10.16;6.76;10.32;11.82;17.38;10.50;14.76;108.38,100.0%;100.0%;100.0%;100.0%;100.0%;84.8%;100.0%;86.6%;100.0%;100.0%;100.0%;92.6%;100.0%;100.0%;100.0%;100.0%;100.0%;,100.0%;98.4%;100.0%;100.0%;100.0%;100.0%;100.0%;100.0%;59.4%;
/players/B/BenjEn00.htm,;0.70;9.90;2.20;2.00;1.30;;0.30;5.60;22,6.10;5.10;2.30;4.50;11.30;6.50;19.30;4.50;2.70;;;0.10;;1.90;0.30;64.6,0.0%;5.6%;24.3%;27.3%;21.7%;7.5%;3.8%;11.7%;32.9%;,33.8%;42.5%;26.5%;14.5%;53.6%;87.3%;72.7%;74.4%;27.0%;1.5%;6.2%;12.1%;0.0%;8.7%;10.0%;
/players/B/BurkTr00.htm,,5.50;4.70;2.10;1.80;2.40;11.10;13.00;8.50;1.50;8.60;1.90;61.1,,36.9%;44.6%;69.0%;64.8%;56.5%;50.0%;66.7%;18.2%;82.0%;72.3%;74.7%;
/players/F/FreeDe00.htm,2.90;0.80;0.40;3.50;11.30;9.90;14.30;5.80;14.00;6.00;15.70;7.20;2.40;8.00;7.70;2.70;112.6,,13.2%;15.5%;8.2%;27.4%;30.4%;39.7%;58.2%;57.5%;58.0%;49.4%;68.9%;66.2%;55.7%;55.9%;67.6%;38.0%;,
/players/H/HardMe00.htm,1.90;5.50;9.50;4.10;7.60;4.80;0.80;6.30;2.00;3.00;2.50;1.20;5.90;1.10;9.10;5.30;11.30;81.9,7.60;4.50;0.20;0.40;8.00;10.20;24.00;13.90;68.8,69.2%;78.4%;64.6%;52.2%;68.6%;59.8%;68.1%;49.4%;64.6%;31.6%;17.6%;15.8%;34.8%;43.1%;43.5%;31.1%;83.3%;,55.7%;54.4%;68.3%;46.3%;40.3%;44.8%;62.5%;54.0%;
/players/H/HuntKa00.htm,14.10;5.30;21.50;14.60;20.90;7.80;2.00;1.80;88,19.00;7.40;6.10;6.80;11.70;1.20;6.80;7.20;1.90;5.40;2.10;7.40;1.20;2.70;2.20;;2.80;91.9,47.5%;37.7%;40.7%;52.6%;44.4%;69.5%;38.3%;20.0%;,56.3%;46.3%;44.4%;49.3%;49.3%;42.9%;46.7%;45.8%;35.8%;42.7%;40.5%;38.1%;38.9%;25.8%;47.1%;31.6%;25.0%;
/players/B/BurkRe00.htm,0.60;;0.50;;;;10.80;0.90;4.00;5.40;4.50;6.60;4.70;26.90;7.90;6.60;79.4,7.00;0.90;3.00;9.90;2.80;1.90;0.20;1.50;3.00;;0.50;0.20;1.70;6.70;1.00;0.10;40.4,12.8%;18.0%;14.5%;6.4%;6.7%;7.1%;49.2%;30.4%;42.2%;61.4%;46.2%;44.4%;64.4%;61.8%;65.7%;70.2%;,71.4%;36.5%;40.7%;31.6%;20.7%;35.4%;18.5%;21.7%;25.0%;16.1%;18.0%;7.6%;19.0%;16.4%;18.6%;15.4%;
/players/R/RyanMa00.htm,7.36;16.30;15.62;29.02;21.58;17.44;6.14;28.52;0.68;2.12;10.20;12.08;11.90;13.44;13.10;6.58;10.84;222.92,15.28;1.80;15.28;17.84;6.14;27.16;9.92;22.68;8.62;10.16;9.12;11.28;155.28,97.2%;91.7%;100.0%;100.0%;100.0%;100.0%;100.0%;100.0%;70.4%;92.6%;100.0%;100.0%;100.0%;98.3%;100.0%;100.0%;100.0%;,100.0%;96.0%;100.0%;100.0%;100.0%;100.0%;100.0%;100.0%;100.0%;100.0%;100.0%;100.0%;
/players/R/RaymKa00.htm,5.90;1.80;6.80;16.60;;3.70;11.60;;2.90;;1.60;3.30;9.10;2.00;1.70;17.40;84.4,;;0.40;2.10;4.50;9.50;7.60;1.70;4.70;4.00;3.50;0.60;1.90;11.30;6.40;4.40;6.60;69.2,75.0%;63.2%;74.6%;74.6%;67.6%;88.9%;81.2%;79.0%;66.2%;70.8%;79.6%;48.6%;66.7%;69.2%;68.7%;71.2%;,11.6%;9.8%;16.7%;51.4%;84.8%;89.8%;90.0%;95.2%;82.3%;85.1%;76.1%;17.1%;11.4%;29.4%;31.8%;29.6%;37.1%;
/players/C/CookJa01.htm,,-1.80;5.30;4.00;;9.10;0.80;7.60;3.30;2.20;8.60;1.80;10.50;1.50;9.90;16.80;5.10;84.7,,5.1%;26.5%;12.0%;3.1%;17.9%;13.7%;25.4%;22.6%;17.3%;24.6%;18.2%;42.7%;40.7%;35.9%;40.6%;55.9%;
/players/T/TagoTu00.htm,16.18;0.52;21.36;26.54;15.20;12.32;17.52;13.20;17.86;13.74;10.02;4.30;12.16;180.92,14.80;38.86;11.44;2.40;15.94;29.18;24.08;23.40;15.96;13.80;12.60;18.06;10.40;230.92,96.3%;12.2%;98.6%;100.0%;100.0%;46.4%;100.0%;100.0%;100.0%;95.8%;93.8%;98.4%;100.0%;,100.0%;100.0%;93.0%;39.1%;100.0%;100.0%;100.0%;89.9%;72.4%;97.8%;100.0%;100.0%;100.0%;
/players/K/KamaAl00.htm,15.10;3.00;17.80;12.00;24.20;23.90;13.60;16.40;20.50;3.10;5.90;16.00;16.20;187.7,4.60;5.30;17.40;12.40;10.50;33.80;6.20;4.50;8.90;1.00;3.70;10.40;17.00;8.00;11.00;154.7,72.6%;84.1%;83.9%;86.8%;87.5%;82.4%;67.1%;68.4%;74.3%;60.7%;59.6%;77.6%;77.8%;,62.3%;69.6%;72.7%;69.4%;72.2%;71.9%;88.2%;78.7%;70.2%;66.7%;59.3%;61.8%;70.4%;58.0%;75.0%;
/players/M/MurrKy00.htm,33.56;33.10;18.54;22.62;13.66;25.76;21.44;9.06;30.82;17.42;12.58;21.90;22.92;17.10;300.48,20.62;25.88;13.36;22.88;16.20;14.88;17.16;24.64;19.00;25.24;0.66;200.52,100.0%;100.0%;100.0%;97.4%;100.0%;90.7%;93.0%;100.0%;100.0%;100.0%;85.3%;100.0%;100.0%;100.0%;,87.7%;100.0%;100.0%;100.0%;100.0%;100.0%;100.0%;100.0%;100.0%;100.0%;4.0%;
/players/P/PurdBr00.htm,,;0.74;0.30;14.30;21.70;16.48;15.96;17.06;19.82;106.36,,1.5%;12.7%;12.1%;90.5%;82.5%;100.0%;100.0%;100.0%;82.3%;
/players/R/ReynJo00.htm,;5.90;0.80;2.30;;;13.00;6.90;5.20;12.80;3.60;1.10;51.6,2.80;9.80;9.60;14.10;9.20;0.80;1.40;;1.90;11.10;;3.10;0.50;1.60;65.9,12.5%;78.0%;28.1%;44.1%;6.8%;89.6%;87.8%;83.3%;69.8%;63.1%;79.1%;83.1%;,79.7%;72.1%;79.5%;83.8%;90.9%;79.7%;80.0%;11.3%;78.9%;61.4%;58.8%;60.6%;43.7%;40.3%;
/players/M/McKiJe00.htm,;1.40;;;1.50;1.50;1.70;;2.60;3.20;;;11.00;22.9,4.90;7.60;2.00;;7.20;3.00;4.80;4.40;5.80;0.40;2.60;12.00;25.40;26.20;9.80;17.60;6.60;140.3,6.2%;7.8%;3.8%;11.9%;31.4%;28.0%;30.6%;16.0%;30.8%;26.3%;0.0%;8.2%;29.5%;,38.6%;47.4%;52.4%;22.5%;52.8%;43.3%;43.8%;62.0%;38.1%;52.3%;34.2%;47.3%;57.4%;62.3%;47.2%;48.3%;37.3%;
/players/C/CartMi03.htm,2.00;8.80;2.90;9.40;11.80;8.40;23.20;8.60;14.20;6.50;2.00;12.40;6.30;1.90;118.4,10.00;5.00;4.60;2.90;15.30;4.70;7.40;6.10;14.60;1.70;3.60;;3.10;5.00;0.50;0.50;85,24.6%;45.2%;42.6%;50.8%;51.8%;72.3%;70.2%;58.4%;51.9%;33.3%;54.4%;74.1%;13.1%;52.2%;,59.5%;61.4%;48.7%;44.3%;42.4%;49.1%;72.9%;55.9%;51.7%;50.0%;30.2%;50.0%;52.4%;39.0%;28.6%;32.1%;
/players/P/PeriSa00.htm,2.90;;0.70;2.20;14.30;13.50;1.60;3.70;2.10;1.50;4.10;3.30;4.30;0.60;1.40;;56.2,3.70;1.00;12.10;;5.60;1.60;0.80;1.70;5.40;26.20;15.30;15.50;8.40;2.40;2.20;2.20;104.1,21.7%;5.5%;21.3%;27.6%;61.2%;47.6%;25.5%;33.3%;14.9%;14.7%;34.2%;41.8%;30.2%;14.5%;28.6%;0.0%;,26.0%;20.0%;33.8%;18.8%;30.2%;24.6%;29.4%;24.5%;36.5%;69.7%;80.0%;83.3%;43.3%;37.9%;41.0%;45.5%;
/players/E/EngrEv00.htm,0.10;2.40;5.50;2.40;4.40;7.50;9.80;1.20;3.70;6.10;0.80;3.30;7.70;1.20;0.40;56.5,2.80;4.60;2.90;1.60;6.90;4.00;6.70;11.50;0.80;1.40;0.40;9.00;28.20;6.20;11.30;2.90;2.70;103.9,55.7%;68.3%;73.5%;73.3%;61.1%;78.3%;82.1%;89.7%;90.0%;81.5%;73.9%;87.3%;77.6%;64.3%;63.3%;,71.4%;69.0%;76.3%;74.5%;74.7%;77.8%;84.5%;93.1%;55.1%;87.5%;81.0%;76.8%;79.2%;85.7%;75.0%;66.7%;87.8%;
/players/H/HeinTa00.htm,10.58;20.04;20.38;27.90;9.92;9.28;20.22;11.80;15.74;23.14;11.22;14.84;7.68;4.74;9.28;5.10;221.86,14.44;22.06;13.66;5.44;7.84;11.42;17.60;13.26;10.24;115.96,70.9%;100.0%;100.0%;100.0%;100.0%;100.0%;100.0%;100.0%;100.0%;100.0%;100.0%;100.0%;70.6%;71.7%;100.0%;100.0%;,100.0%;100.0%;100.0%;100.0%;100.0%;100.0%;100.0%;100.0%;74.0%;
/players/K/KmetCo00.htm,4.20;;1.10;0.60;2.20;4.90;4.30;2.40;8.70;1.20;6.50;4.10;1.70;7.10;4.90;2.50;4.80;61.2,;;4.00;1.60;4.50;1.50;3.20;7.10;17.00;19.40;3.50;2.70;7.20;2.50;2.70;8.70;11.70;97.3,73.9%;72.3%;95.6%;98.3%;79.7%;78.7%;89.4%;90.0%;77.4%;89.8%;85.7%;72.4%;74.2%;94.5%;95.9%;80.3%;74.4%;,82.8%;85.4%;92.1%;98.4%;90.0%;93.1%;95.8%;94.9%;97.3%;93.4%;91.3%;100.0%;100.0%;100.0%;95.2%;88.5%;94.1%;
/players/W/WatsDe00.htm,,5.34;16.34;12.64;11.80;21.86;17.60;85.58,,98.4%;98.6%;98.5%;100.0%;98.2%;98.4%;
/players/B/BrowAJ00.htm,10.90;4.30;0.30;3.80;9.10;19.30;21.50;4.20;2.30;4.80;20.50;4.10;12.80;117.9,15.50;6.90;14.50;9.50;3.20;12.70;33.60;11.90;0.70;4.00;8.60;23.90;13.00;18.10;10.30;15.70;9.50;211.6,81.3%;84.1%;11.8%;64.1%;79.2%;61.8%;91.8%;77.6%;81.7%;51.9%;74.2%;63.5%;82.4%;,87.0%;87.7%;80.0%;85.4%;74.0%;85.9%;68.4%;86.2%;78.0%;88.2%;96.3%;82.2%;85.3%;89.0%;91.5%;100.0%;79.5%;
/players/L/LambCe00.htm,16.40;9.40;6.50;1.30;14.80;27.10;11.20;2.30;22.60;1.40;12.20;7.60;5.00;6.40;5.10;4.50;153.8,2.90;8.10;14.70;15.70;5.30;7.70;6.60;13.80;27.00;4.50;11.70;15.40;3.30;12.70;24.00;10.00;11.20;194.6,72.6%;96.8%;85.5%;80.3%;83.3%;86.5%;89.0%;71.0%;41.6%;53.7%;88.6%;67.1%;69.0%;74.0%;87.5%;79.0%;,97.1%;95.1%;95.3%;95.1%;92.7%;92.5%;82.5%;84.5%;90.4%;65.3%;80.0%;72.1%;95.8%;93.3%;84.9%;85.0%;86.6%;
/players/P/PattCo00.htm,6.70;18.90;10.20;29.60;11.40;12.10;13.20;13.60;3.90;25.50;9.60;11.90;2.30;7.30;5.20;1.20;182.6,19.60;4.10;21.30;9.80;17.30;2.00;9.90;7.10;6.00;11.20;3.10;14.40;7.90;133.7,33.3%;33.3%;41.9%;30.3%;59.0%;73.0%;60.4%;55.9%;27.8%;48.3%;47.9%;49.3%;61.7%;54.3%;50.9%;36.0%;,65.3%;59.0%;61.4%;29.1%;39.3%;38.1%;49.1%;57.9%;46.3%;50.0%;36.6%;50.0%;27.9%;
/players/E/ErtzZa00.htm,3.40;0.60;11.30;6.00;0.70;8.90;13.00;4.20;2.70;4.60;20.80;1.00;4.20;7.40;5.40;4.10;8.40;106.7,9.40;7.50;4.50;10.70;4.80;7.00;4.10;9.40;10.00;1.20;68.6,57.7%;63.8%;51.7%;50.0%;59.7%;88.5%;49.3%;72.9%;80.0%;81.8%;75.9%;77.4%;83.3%;89.3%;96.9%;90.9%;92.1%;,60.0%;83.9%;92.8%;81.6%;92.8%;95.8%;80.3%;88.5%;96.8%;13.2%;
/players/P/ParkDe01.htm,8.10;4.20;4.20;13.70;8.50;6.20;12.80;;4.60;1.20;63.5,0.90;;15.60;8.40;;6.40;6.80;;1.90;8.00;1.60;2.40;19.90;71.9,83.3%;74.3%;77.1%;90.4%;91.3%;71.0%;88.7%;70.8%;93.5%;72.1%;,100.0%;76.5%;97.0%;96.6%;51.7%;78.6%;92.3%;1.3%;39.7%;85.5%;87.0%;10.2%;82.4%;
/players/W/WilsGa00.htm,,5.20;22.00;6.00;4.10;2.70;0.80;2.40;11.50;9.90;1.20;21.40;16.20;7.80;9.80;1.00;1.80;8.90;132.7,,48.8%;61.4%;62.8%;77.1%;55.9%;43.6%;72.9%;88.1%;91.7%;100.0%;82.5%;91.8%;97.3%;98.4%;96.6%;100.0%;87.5%;
/players/H/HillTy00.htm,26.10;2.90;4.70;36.60;7.80;13.60;6.70;15.40;3.30;20.50;11.00;2.20;7.60;20.80;1.90;4.20;0.20;185.5,10.00;31.00;3.30;15.90;6.00;17.70;7.20;19.50;20.30;10.40;9.00;20.60;20.10;12.90;10.30;11.70;2.30;228.2,87.7%;98.0%;73.4%;80.6%;84.9%;57.3%;72.2%;76.5%;83.1%;73.7%;80.9%;87.7%;66.7%;83.3%;42.0%;85.2%;17.9%;,66.7%;76.1%;86.0%;93.8%;64.2%;76.9%;88.7%;72.1%;78.9%;71.0%;59.2%;84.8%;66.7%;83.1%;80.0%;81.7%;66.2%;
/players/T/TaylJo02.htm,11.60;5.30;7.20;17.40;28.90;27.80;15.00;18.20;32.00;18.60;50.40;15.70;24.30;23.00;10.80;17.40;9.50;333.1,23.50;6.30;9.10;2.30;8.50;5.60;22.30;13.40;15.80;10.30;1.30;118.4,55.3%;44.8%;47.5%;50.7%;52.2%;64.6%;69.1%;73.8%;69.4%;84.4%;82.6%;71.0%;76.4%;98.1%;78.6%;70.7%;91.2%;,76.1%;74.0%;76.1%;87.9%;54.7%;69.0%;93.8%;75.4%;92.2%;81.9%;2.5%;
/players/H/HopkDe00.htm,20.30;11.40;2.10;6.70;14.70;17.50;11.30;6.60;9.20;5.40;105.2,10.30;21.90;9.60;9.80;9.10;14.70;5.90;6.00;0.40;87.7,88.4%;96.7%;91.0%;96.2%;91.8%;89.3%;83.1%;25.4%;73.6%;87.2%;,92.4%;100.0%;93.7%;94.1%;69.0%;74.2%;85.3%;92.3%;93.4%;
/players/W/WentCa00.htm,18.34;17.58;7.76;17.92;22.58;17.02;20.30;18.34;24.18;7.10;10.04;20.34;11.12;5.98;17.40;10.92;11.10;258.02,27.72;27.78;8.64;7.30;21.86;4.16;8.92;6.42;112.8,100.0%;92.5%;100.0%;100.0%;100.0%;100.0%;100.0%;100.0%;100.0%;100.0%;89.9%;100.0%;86.1%;100.0%;100.0%;100.0%;100.0%;,100.0%;100.0%;100.0%;100.0%;100.0%;100.0%;26.0%;100.0%;
/players/G/GainKe00.htm,10.30;5.20;3.40;14.90;2.40;0.10;10.10;2.70;6.30;1.40;3.20;14.70;;0.60;0.40;14.70;90.4,9.20;1.80;0.60;7.70;2.00;2.50;1.10;9.80;1.20;;10.60;5.30;;1.40;5.80;1.70;4.20;64.9,35.2%;32.8%;31.0%;39.2%;23.9%;23.1%;50.7%;30.8%;19.3%;31.3%;16.4%;38.0%;8.5%;3.2%;13.1%;52.7%;,29.9%;26.0%;31.4%;26.8%;21.9%;23.9%;24.6%;27.7%;32.0%;16.2%;33.8%;27.4%;17.6%;39.7%;42.3%;27.3%;27.4%;
/players/G/GoodMa00.htm,4.30;1.00;;0.10;0.80;1.20;1.60;3.20;5.00;16.40;;2.30;;1.30;37.2,2.20;;3.10;;2.60;18.70;3.30;9.80;5.50;1.70;15.30;1.00;;63.2,37.7%;47.7%;22.2%;50.0%;37.5%;47.5%;53.0%;42.9%;51.6%;71.2%;45.7%;31.1%;36.4%;31.7%;,50.9%;53.1%;42.3%;41.4%;45.6%;53.5%;39.1%;78.8%;44.6%;37.3%;75.9%;59.4%;51.3%;
/players/E/EtieTr00.htm,,6.50;5.30;7.50;3.20;11.40;10.80;17.90;22.20;24.60;7.30;0.30;4.60;3.20;10.70;11.20;20.00;3.40;170.1,,51.4%;36.6%;43.4%;51.1%;53.3%;46.0%;80.3%;79.2%;81.2%;78.1%;7.9%;87.5%;75.0%;72.9%;70.8%;38.1%;55.1%;
/players/C/CartTo01.htm,;;;;;;;;,;;;;;;;;;,4.4%;2.0%;3.8%;11.0%;15.0%;11.1%;31.7%;15.5%;,18.5%;10.7%;10.3%;20.4%;10.9%;0.0%;19.7%;0.0%;0.0%;
/players/J/JoneMa02.htm,13.70;11.50;6.20;2.40;2.50;16.00;3.50;2.10;3.50;5.20;4.30;1.10;7.00;1.40;7.40;4.60;14.80;107.2,3.80;3.30;9.30;;10.40;5.70;;4.80;3.30;8.20;1.70;2.20;7.70;1.50;6.10;2.90;70.9,90.5%;87.5%;97.1%;92.9%;93.0%;86.4%;90.8%;83.6%;84.8%;91.3%;97.3%;83.1%;98.2%;92.9%;82.2%;95.7%;89.7%;,81.4%;90.1%;68.4%;91.5%;86.7%;56.3%;54.2%;56.5%;68.8%;60.3%;67.9%;48.6%;65.7%;43.1%;66.7%;55.1%;
/players/C/ConnJa00.htm,5.30;2.60;17.30;18.60;9.70;7.10;12.40;14.20;35.30;12.40;15.90;17.10;24.50;7.00;21.30;220.7,11.50;5.10;5.70;7.70;6.30;6.40;20.60;11.40;18.00;17.40;15.10;18.00;11.00;154.2,49.3%;39.3%;37.3%;42.3%;47.5%;54.7%;29.6%;37.3%;77.1%;81.8%;81.9%;90.6%;96.2%;44.0%;60.5%;,72.3%;20.7%;60.2%;65.8%;34.8%;71.4%;95.6%;77.5%;97.0%;94.7%;90.8%;97.4%;55.4%;
/players/S/SandEm00.htm,5.20;4.80;21.40;8.10;17.40;9.10;;6.50;5.10;2.60;2.80;2.20;2.50;2.00;89.7,,92.9%;76.9%;79.7%;70.8%;78.9%;92.2%;76.7%;98.5%;60.3%;78.6%;77.3%;79.3%;32.1%;82.3%;,
/players/H/HillTa00.htm,0.22;1.60;9.20;15.76;1.10;1.72;4.24;20.66;26.30;9.46;17.38;10.08;117.72,14.30;1.40;8.10;34.08;4.54;9.12;7.28;1.12;0.10;6.56;2.00;11.34;10.20;11.60;12.56;2.50;136.8,35.5%;22.7%;53.2%;50.0%;16.1%;22.4%;31.3%;100.0%;100.0%;100.0%;100.0%;36.1%;,26.2%;8.8%;20.0%;29.9%;20.8%;25.0%;35.9%;33.3%;40.4%;42.1%;49.1%;45.8%;43.6%;46.3%;44.9%;30.0%;
/players/S/SwifDA00.htm,16.40;7.80;16.70;4.90;16.40;12.70;20.40;3.10;13.50;19.60;0.90;3.90;10.60;146.9,23.50;14.70;4.60;9.30;5.00;7.20;9.20;6.30;17.10;3.90;7.50;2.50;23.70;8.60;143.1,68.5%;63.2%;55.6%;73.2%;73.5%;77.8%;75.4%;71.0%;93.0%;72.9%;20.4%;57.1%;54.2%;,66.7%;50.8%;41.0%;55.0%;16.1%;30.6%;31.3%;33.8%;51.3%;35.7%;39.7%;56.1%;35.2%;38.7%;
/players/J/JoneDa05.htm,21.38;29.46;16.54;26.78;4.82;4.08;16.52;16.08;8.10;7.68;15.08;166.52,16.02;13.14;13.74;21.64;12.38;13.52;28.78;9.04;18.28;24.64;14.52;17.10;19.36;9.90;20.76;36.18;289,100.0%;100.0%;100.0%;100.0%;42.6%;100.0%;100.0%;100.0%;100.0%;100.0%;100.0%;,100.0%;100.0%;100.0%;81.5%;100.0%;100.0%;100.0%;100.0%;100.0%;100.0%;100.0%;100.0%;81.3%;100.0%;100.0%;87.3%;
/players/G/GibsAn00.htm,8.80;7.30;16.40;13.50;19.20;2.40;5.60;5.40;19.80;7.50;16.60;17.10;2.10;12.50;11.80;21.10;187.1,13.00;10.10;10.00;6.30;3.90;5.30;13.70;13.70;4.70;11.80;10.30;5.40;5.90;2.70;3.10;119.9,65.5%;60.6%;57.4%;55.2%;56.6%;39.0%;41.7%;32.9%;63.0%;49.3%;67.9%;82.1%;67.6%;78.2%;36.7%;54.2%;,63.6%;54.1%;44.2%;40.5%;31.7%;26.3%;39.2%;36.1%;57.8%;48.2%;67.6%;41.9%;49.4%;60.3%;28.8%;
/players/B/BurrJo01.htm,18.64;10.28;17.58;22.32;18.34;22.84;26.64;20.26;7.38;9.02;16.40;16.60;22.22;12.78;38.10;34.84;314.24,18.22;16.56;23.00;20.08;17.28;32.50;39.24;13.48;19.14;26.70;18.00;30.04;16.56;24.80;23.50;11.60;350.7,100.0%;100.0%;100.0%;100.0%;100.0%;81.9%;88.9%;100.0%;92.0%;100.0%;85.3%;100.0%;100.0%;100.0%;100.0%;97.1%;,100.0%;100.0%;100.0%;100.0%;100.0%;100.0%;100.0%;100.0%;78.4%;100.0%;100.0%;100.0%;100.0%;100.0%;100.0%;100.0%;
/players/K/KuppCo00.htm,16.80;27.80;21.60;6.40;9.20;25.00;27.60;17.50;9.50;12.20;11.60;18.90;18.30;25.70;11.30;15.50;19.60;294.5,18.80;20.80;12.40;12.20;18.90;9.70;14.90;18.80;;126.5,94.2%;100.0%;81.5%;95.6%;88.1%;83.3%;96.9%;86.6%;100.0%;100.0%;100.0%;94.1%;89.7%;93.9%;97.1%;100.0%;98.5%;,100.0%;98.4%;100.0%;100.0%;98.5%;96.9%;94.8%;100.0%;66.7%;
/players/B/BrowAn04.htm,18.70;1.70;6.30;24.40;15.30;10.10;2.60;79.1,,64.6%;44.4%;51.3%;56.8%;49.3%;79.1%;35.1%;,
/players/S/StxxAm00.htm,2.30;1.80;0.20;7.00;6.50;4.60;;4.60;6.10;1.80;2.30;14.80;7.30;15.50;17.00;27.40;18.10;137.3,12.40;30.40;7.30;1.80;0.40;6.90;5.50;12.10;8.00;18.90;23.60;7.40;8.20;7.60;6.20;4.90;161.6,64.1%;59.6%;42.9%;71.8%;69.1%;77.8%;62.3%;72.6%;60.6%;85.4%;98.0%;95.8%;74.6%;69.2%;88.1%;84.1%;94.9%;,88.4%;85.2%;73.1%;31.8%;16.9%;95.0%;96.8%;80.6%;89.6%;87.3%;86.8%;87.1%;83.8%;83.3%;70.4%;85.5%;
/players/K/KittGe00.htm,7.80;1.70;10.10;4.00;14.10;11.00;9.40;1.30;30.60;21.10;9.30;2.10;3.50;1.00;127,2.80;2.40;2.70;8.30;15.80;9.90;2.10;20.40;2.60;2.20;2.80;21.30;24.00;8.30;14.90;140.5,94.5%;100.0%;100.0%;92.1%;72.9%;76.5%;82.6%;92.9%;93.1%;95.8%;96.5%;100.0%;95.2%;94.3%;,91.1%;94.0%;88.1%;98.3%;88.6%;100.0%;100.0%;74.1%;97.1%;96.4%;79.4%;84.4%;90.4%;92.5%;71.0%;
/players/S/SiemTr00.htm,10.56;15.96;19.92;24.16;8.82;10.74;90.16,0.20;9.96;10.16,73.7%;96.1%;92.5%;100.0%;100.0%;63.9%;,3.8%;100.0%;
/players/C/ClayCh01.htm,7.00;6.70;9.60;19.00;1.70;6.10;4.30;9.40;8.20;5.40;9.50;1.90;4.10;1.70;13.00;107.6,5.40;2.60;4.60;;5.00;16.40;4.10;8.54;1.70;0.80;1.10;5.10;0.80;;2.90;59.04,67.2%;76.8%;91.6%;55.4%;84.0%;97.3%;80.6%;91.3%;98.4%;63.3%;59.5%;63.3%;81.9%;87.7%;90.8%;,92.1%;91.5%;93.2%;73.4%;90.7%;85.9%;85.3%;80.3%;35.1%;31.1%;42.0%;66.7%;63.5%;36.5%;70.6%;
/players/W/WilsZa00.htm,18.32;2.30;2.60;17.68;7.98;2.04;10.10;21.04;11.38;12.00;23.18;13.36;9.88;151.86,17.78;14.60;4.50;7.24;16.40;10.56;5.68;19.38;1.78;97.92,100.0%;100.0%;100.0%;100.0%;100.0%;27.7%;100.0%;100.0%;100.0%;100.0%;100.0%;100.0%;100.0%;,100.0%;100.0%;100.0%;100.0%;100.0%;100.0%;100.0%;100.0%;49.2%;
/players/L/LancTr00.htm,4.40;6.10;20.38;14.58;0.40;19.06;64.92,9.96;2.50;12.46,7.3%;4.3%;51.3%;100.0%;7.2%;100.0%;,100.0%;21.1%;
/players/W/WinsJa00.htm,29.62;8.34;13.52;13.04;25.76;16.88;10.24;117.4,21.66;7.64;14.62;43.92,96.8%;95.5%;95.2%;88.2%;100.0%;100.0%;26.3%;,100.0%;97.1%;100.0%;
/players/A/AiyuBr00.htm,;0.60;10.50;1.50;3.20;0.90;6.50;12.70;2.60;14.50;9.50;5.50;12.60;3.60;10.00;9.40;10.70;114.3,4.70;6.30;9.90;3.70;5.80;20.30;8.20;14.10;6.40;14.00;6.50;4.60;11.70;1.90;8.10;17.70;5.90;149.8,47.3%;54.3%;85.7%;67.1%;70.8%;71.4%;87.5%;93.2%;89.7%;92.8%;90.0%;93.1%;94.4%;98.2%;93.2%;90.3%;92.9%;,98.5%;88.2%;89.3%;92.0%;86.6%;91.7%;93.7%;98.1%;97.2%;79.3%;97.1%;95.2%;77.8%;96.9%;96.2%;95.5%;72.6%;
/players/F/FreiPa00.htm,2.40;3.60;8.20;1.10;0.70;5.80;10.40;16.30;1.10;7.10;10.00;4.60;9.20;3.70;2.20;5.30;91.7,7.50;8.20;4.10;8.50;1.20;7.50;5.70;3.60;7.90;3.90;7.60;9.30;;6.60;3.60;;85.2,50.0%;58.9%;36.1%;53.3%;49.2%;60.0%;78.4%;70.8%;62.1%;56.5%;75.8%;73.3%;74.3%;44.9%;76.5%;65.8%;,88.9%;81.4%;76.3%;73.4%;49.3%;58.7%;61.8%;69.0%;71.2%;71.0%;55.4%;56.4%;55.9%;80.9%;77.1%;63.0%;
/players/W/WalkKe00.htm,,1.50;3.30;2.40;14.80;17.00;28.70;11.20;24.90;7.20;15.90;3.60;7.90;10.50;14.20;12.40;175.5,,24.5%;12.7%;35.7%;57.7%;69.1%;73.2%;76.6%;76.7%;86.5%;70.8%;20.9%;75.0%;52.6%;56.9%;87.1%;
/players/B/BrowNo00.htm,;0.90;;3.60;4.70;0.70;;1.80;;5.30;1.40;;;18.4,6.80;15.10;5.40;6.10;0.50;1.00;3.00;0.30;4.20;;1.50;8.50;16.90;0.50;0.70;1.00;71.5,19.4%;28.9%;34.4%;29.5%;20.2%;17.8%;40.3%;36.4%;64.2%;93.2%;17.1%;6.3%;19.4%;,88.4%;85.2%;79.7%;78.7%;76.4%;91.0%;79.4%;75.9%;75.0%;45.3%;79.4%;70.4%;74.7%;75.3%;58.8%;65.7%;
/players/W/WatsCh00.htm,,4.10;0.90;8.30;;1.20;2.40;28.70;17.10;17.00;21.40;4.60;4.90;1.10;11.60;123.3,,65.6%;32.4%;24.7%;28.6%;9.1%;23.0%;84.4%;80.3%;91.8%;92.4%;87.3%;37.9%;60.3%;86.7%;
/players/W/WillDa10.htm,0.40;;3.90;11.80;4.50;20.90;5.00;11.00;7.70;20.40;2.60;8.00;9.90;1.20;8.50;22.70;4.70;143.2,;12.20;0.70;1.90;0.90;1.40;17.1,21.5%;27.5%;34.2%;35.8%;43.0%;72.0%;63.9%;64.2%;53.8%;59.2%;52.9%;45.6%;34.8%;29.2%;42.0%;80.3%;39.7%;,0.0%;46.0%;16.9%;21.1%;11.6%;26.9%;
/players/J/JeffJu00.htm,7.54;12.50;17.80;14.40;12.40;6.00;2.10;14.00;13.90;29.20;9.26;24.60;13.50;10.70;11.60;5.80;17.10;222.4,30.40;4.80;1.40;21.00;18.32;10.70;9.80;18.50;25.30;3.30;20.34;11.60;22.30;18.30;19.30;1.50;3.80;240.66,91.6%;86.9%;82.7%;88.1%;89.6%;94.4%;71.2%;79.6%;75.9%;90.0%;92.7%;90.8%;95.7%;92.2%;96.8%;100.0%;95.8%;,91.9%;98.4%;100.0%;94.4%;100.0%;94.2%;98.6%;100.0%;100.0%;78.9%;97.1%;95.6%;93.8%;92.2%;100.0%;79.3%;50.7%;
/players/B/BeasCo00.htm,6.00;3.60;9.80;1.60;0.50;14.80;11.00;3.30;1.50;2.30;4.60;1.10;6.40;3.50;4.20;3.10;77.3,1.20;0.50;0.90;0.90;3.5,90.6%;60.0%;65.8%;50.0%;38.6%;87.0%;71.2%;67.2%;15.5%;57.1%;69.7%;69.0%;80.8%;45.7%;48.7%;51.2%;,13.8%;6.3%;14.1%;9.4%;
/players/J/JackJu01.htm,0.70;2.90;;1.30;0.70;7.90;0.20;;2.10;4.20;9.90;26.20;6.10;2.00;64.2,;;;6.70;1.40;0.20;;2.70;2.80;7.70;1.90;2.30;9.10;3.10;;1.30;39.2,13.6%;22.5%;10.6%;14.7%;14.3%;11.7%;6.6%;0.0%;25.0%;28.2%;53.8%;72.6%;37.3%;18.3%;,0.0%;0.0%;0.0%;13.5%;21.2%;20.3%;0.0%;21.0%;27.4%;37.3%;25.4%;21.1%;28.6%;32.4%;21.2%;9.7%;
/players/A/AndeRo04.htm,11.70;3.80;0.80;4.90;3.00;7.10;1.40;;0.20;9.70;3.00;1.50;14.40;6.20;5.80;1.00;11.00;85.5,16.20;1.20;1.40;2.60;3.20;;;;;;;1.70;5.00;;;1.30;32.6,81.3%;73.7%;64.4%;84.3%;87.3%;86.5%;95.3%;74.3%;91.5%;68.0%;92.2%;92.7%;96.9%;100.0%;95.7%;98.4%;75.0%;,100.0%;93.1%;83.6%;96.2%;76.8%;52.3%;18.2%;9.0%;82.5%;11.8%;46.5%;42.4%;30.7%;36.9%;6.6%;23.0%;
/players/V/ValdMa00.htm,1.70;;11.90;1.90;4.10;18.30;5.00;2.00;15.80;0.30;;61,4.10;1.30;4.80;6.30;9.00;;11.10;1.20;12.00;1.80;5.60;7.10;2.00;8.60;;2.80;2.70;80.4,63.2%;66.2%;63.5%;54.0%;66.2%;81.4%;69.5%;66.2%;66.1%;65.3%;22.1%;,72.9%;78.9%;77.8%;68.8%;80.6%;82.1%;54.7%;71.0%;84.1%;70.8%;57.9%;56.4%;51.5%;53.2%;43.4%;83.3%;59.3%;
/players/J/JameRi00.htm,,6.10;5.10;4.00;-1.10;1.60;1.80;0.20;-4.00;;10.80;10.10;2.00;12.10;4.20;9.00;13.60;;75.5,,70.0%;42.5%;73.6%;32.3%;54.1%;33.8%;9.1%;6.2%;0.0%;22.4%;70.3%;51.5%;90.6%;79.4%;82.6%;79.4%;0.0%;
/players/C/CoopAm00.htm,25.90;2.40;2.60;12.90;12.00;5.50;18.20;3.70;5.10;4.10;11.10;0.80;14.50;7.80;7.90;134.5,1.70;16.10;16.10;0.90;13.60;10.40;7.40;17.10;3.20;23.30;9.40;4.00;4.20;5.80;7.20;22.50;5.10;168,88.1%;96.8%;85.5%;47.5%;73.1%;87.6%;86.3%;58.1%;66.2%;34.3%;88.2%;93.0%;71.2%;90.6%;74.2%;,82.5%;80.6%;81.9%;84.9%;89.6%;75.7%;95.0%;79.2%;86.6%;84.0%;92.4%;81.0%;86.1%;72.7%;88.6%;61.4%;90.6%;
/players/H/HendDa00.htm,14.70;14.20;11.60;15.90;22.70;6.40;21.30;5.80;4.10;13.30;2.70;1.70;134.4,7.30;10.70;1.70;3.90;3.00;11.20;3.00;5.60;9.20;0.90;56.5,94.2%;67.8%;89.7%;65.7%;81.8%;87.7%;61.2%;60.3%;74.5%;80.6%;27.3%;7.1%;,82.1%;55.6%;50.0%;59.5%;56.9%;70.8%;41.4%;49.1%;56.7%;6.3%;
/players/K/KelcTr00.htm,19.60;16.90;10.40;2.30;11.70;9.90;6.50;0.70;12.80;11.90;13.80;2.70;2.70;31.10;8.40;9.40;170.8,18.10;5.10;13.90;15.20;26.50;11.20;9.80;10.60;14.10;29.50;11.70;3.60;7.10;10.50;11.30;4.30;3.80;206.3,84.6%;86.3%;87.3%;88.1%;87.2%;81.7%;73.6%;91.4%;86.2%;76.3%;86.8%;77.2%;74.2%;77.8%;78.7%;76.9%;,64.3%;89.5%;88.9%;81.3%;77.8%;77.6%;78.1%;83.0%;73.0%;78.5%;82.9%;81.8%;80.9%;75.3%;81.1%;86.7%;72.9%;
/players/J/JohnJu02.htm,14.10;2.30;;8.00;;0.80;;3.60;;2.70;1.50;;0.40;6.50;39.9,4.30;4.00;;3.30;1.30;4.10;15.20;1.40;10.20;10.40;10.70;;18.70;0.90;6.20;2.10;92.8,19.4%;40.9%;12.9%;20.6%;10.7%;27.0%;22.4%;14.9%;42.1%;34.3%;32.9%;36.1%;46.6%;15.3%;,73.8%;77.9%;68.1%;48.3%;57.1%;77.8%;73.6%;73.4%;74.5%;66.0%;63.2%;47.4%;50.9%;50.0%;66.7%;68.3%;
/players/G/GaroJi00.htm,14.76;19.56;14.68;8.60;5.24;27.28;19.34;15.38;15.64;11.20;15.96;20.14;13.80;13.18;12.74;227.5,16.66;8.44;13.86;18.02;16.94;16.32;17.70;15.90;25.42;13.28;2.24;164.78,92.7%;100.0%;95.7%;48.7%;100.0%;100.0%;100.0%;100.0%;92.8%;100.0%;100.0%;100.0%;100.0%;100.0%;100.0%;,78.9%;100.0%;100.0%;98.5%;100.0%;87.3%;100.0%;100.0%;87.9%;100.0%;9.5%;
/players/F/FielJu00.htm,6.70;3.50;3.92;7.26;8.84;13.26;1.16;25.30;18.14;3.46;18.36;16.90;126.8,13.64;8.80;4.94;10.16;17.02;18.40;23.36;26.04;42.72;39.38;22.62;19.26;23.58;9.86;16.20;295.98,7.2%;64.6%;100.0%;100.0%;95.3%;100.0%;100.0%;100.0%;100.0%;50.8%;100.0%;100.0%;,100.0%;100.0%;100.0%;100.0%;100.0%;100.0%;100.0%;96.2%;100.0%;100.0%;100.0%;100.0%;98.3%;92.1%;100.0%;
/players/M/MariMa01.htm,3.10;0.40;0.60;;6.40;;;0.30;1.60;2.46;14.86,19.80;13.44;15.56;3.86;17.98;24.16;12.06;22.42;7.56;17.74;17.74;13.86;10.38;196.56,1.2%;1.5%;1.4%;;2.3%;3.4%;1.6%;5.8%;8.1%;8.8%;,100.0%;100.0%;100.0%;100.0%;100.0%;100.0%;100.0%;100.0%;100.0%;100.0%;100.0%;100.0%;100.0%;
/players/W/WarrJa01.htm,,0.70;1.50;3.30;2.20;6.30;0.20;2.40;7.50;7.70;0.90;1.90;2.70;10.90;3.00;9.80;4.30;65.3,,36.5%;28.8%;20.3%;25.0%;50.7%;31.3%;22.7%;28.9%;42.9%;4.1%;20.0%;40.0%;33.8%;30.9%;40.0%;42.5%;
/players/M/McKeIs00.htm,;0.10;0.80;;;0.80;;1.00;8.90;-2.00;0.50;1.50;18.40;0.90;1.90;32.8,7.90;3.70;14.20;8.10;0.90;7.00;2.10;5.50;;16.30;4.40;2.80;2.40;0.60;1.90;77.8,17.6%;20.0%;19.0%;5.6%;14.0%;5.2%;17.8%;28.4%;22.4%;16.1%;14.1%;28.6%;84.8%;31.6%;26.8%;,44.1%;45.6%;51.1%;48.4%;50.7%;52.5%;66.1%;69.3%;40.0%;72.7%;52.0%;64.4%;56.4%;35.9%;55.9%;
/players/J/JacoJo01.htm,16.00;5.70;12.70;14.20;12.80;9.50;3.60;6.10;17.20;15.00;5.00;9.40;10.40;14.00;20.40;172,7.30;8.10;9.70;29.50;25.30;33.50;5.40;8.70;16.60;16.00;42.30;19.00;17.40;11.00;5.00;15.50;5.00;275.3,52.3%;63.2%;68.7%;64.3%;36.4%;49.3%;57.4%;66.0%;65.5%;84.7%;74.6%;65.2%;69.6%;61.3%;71.3%;,60.3%;71.6%;64.3%;89.3%;81.3%;80.4%;55.2%;69.5%;78.6%;80.3%;79.2%;75.4%;83.3%;75.0%;81.1%;67.1%;71.4%;
/players/M/McKiJ.00.htm,0.80;15.30;3.80;11.90;0.70;11.00;5.60;9.30;3.90;5.00;17.60;84.9,4.80;6.30;4.00;5.60;3.70;2.00;0.40;2.00;28.8,36.4%;43.7%;46.3%;40.3%;41.0%;61.0%;63.9%;45.7%;38.4%;46.3%;39.3%;,40.3%;45.9%;53.2%;51.4%;41.3%;29.8%;16.2%;36.1%;
/players/H/HuntTy01.htm,1.00;1.56;10.76;15.30;35.90;11.28;6.84;82.64,;15.58;6.62;5.02;13.20;9.60;50.02,5.8%;16.4%;100.0%;86.5%;100.0%;100.0%;100.0%;,1.4%;86.1%;62.3%;100.0%;100.0%;100.0%;
/players/S/SmitGe00.htm,9.54;10.26;11.88;22.60;54.28,17.20;6.08;18.90;31.70;24.02;12.68;13.10;19.08;20.80;19.20;19.32;22.98;20.56;15.32;12.20;17.12;13.62;303.88,38.5%;100.0%;100.0%;100.0%;,100.0%;100.0%;100.0%;100.0%;100.0%;100.0%;100.0%;100.0%;100.0%;100.0%;100.0%;100.0%;100.0%;100.0%;100.0%;100.0%;100.0%;
/players/A/AllgTy00.htm,,3.00;3.00;10.40;4.50;5.10;11.00;14.50;12.30;0.30;6.40;5.40;5.20;21.60;11.70;15.50;13.50;143.4,,31.1%;36.8%;43.6%;59.1%;56.9%;61.7%;59.7%;37.7%;47.6%;54.5%;38.6%;51.9%;48.6%;59.2%;54.8%;69.1%;
/players/P/PrinBy00.htm,0.60;12.30;1.20;2.30;5.10;5.50;7.30;1.20;;10.60;3.70;1.40;2.80;2.20;19.50;3.50;5.60;84.8,2.20;;1.10;1.20;;7.20;;9.90;3.40;;0.50;25.5,16.9%;21.6%;38.0%;25.4%;30.2%;39.0%;47.2%;53.1%;46.2%;60.5%;58.8%;71.9%;60.6%;63.9%;79.7%;47.5%;70.5%;,17.2%;34.1%;3.2%;32.8%;20.3%;54.4%;38.5%;89.8%;85.7%;75.0%;54.9%;
/players/A/AkinJo00.htm,;1.70;3.20;-1.30;1.70;4.10;1.30;5.30;-1.30;0.60;2.40;;;17.7,9.10;3.30;2.20;6.80;0.50;;7.20;0.80;10.10;2.10;0.50;8.20;3.90;3.80;21.00;79.5,60.3%;62.3%;61.8%;38.3%;45.8%;42.7%;51.8%;63.9%;36.2%;14.8%;33.9%;1.5%;7.5%;,28.8%;35.1%;17.2%;40.0%;25.9%;26.7%;51.6%;46.4%;52.5%;52.3%;53.0%;47.6%;55.2%;58.6%;53.8%;
/players/S/ShahRa00.htm,,10.40;11.30;3.80;;1.20;0.80;5.90;7.50;15.50;4.10;7.90;4.10;72.5,,12.5%;13.9%;23.4%;9.8%;12.8%;49.1%;52.6%;61.0%;70.9%;42.6%;68.1%;83.3%;
/players/C/CobbRa00.htm,3.30;2.60;;18.90;3.00;;2.20;13.50;5.00;2.10;1.50;13.50;65.6,1.40;3.70;5.70;4.20;9.90;0.80;7.30;7.90;;3.20;0.50;2.00;1.10;47.7,26.3%;18.5%;33.3%;45.8%;54.7%;39.0%;62.5%;68.5%;52.4%;67.6%;76.3%;23.2%;,60.7%;29.4%;40.3%;34.2%;63.5%;35.6%;55.7%;44.9%;50.0%;40.8%;48.5%;46.0%;31.7%;
/players/D/DrakKe00.htm,7.00;5.50;5.70;0.20;1.10;19.30;13.90;10.00;3.10;2.90;3.00;0.80;72.5,4.60;0.80;2.70;18.70;0.50;12.70;22.90;5.30;0.20;4.60;0.20;13.90;87.1,47.7%;71.2%;43.4%;35.1%;17.9%;21.4%;39.4%;44.9%;31.5%;31.9%;18.4%;11.9%;,58.9%;27.1%;41.5%;57.6%;26.6%;57.9%;67.6%;50.7%;25.0%;47.2%;18.0%;65.4%;
/players/O/OkonCh00.htm,,0.70;;;9.80;;;0.30;4.80;4.10;3.10;3.50;6.80;12.50;6.00;1.00;2.40;10.20;65.2,,15.4%;28.6%;17.2%;24.1%;20.3%;45.8%;41.4%;35.3%;32.3%;45.5%;33.3%;58.2%;49.3%;59.7%;45.9%;24.6%;42.7%;
/players/I/IngrMa01.htm,14.50;4.00;2.00;2.40;4.10;8.10;2.70;5.20;6.40;16.80;9.30;2.60;1.80;1.70;81.6,0.30;4.10;7.80;4.30;3.60;5.70;2.20;0.20;1.00;4.90;34.1,46.2%;31.1%;34.5%;21.3%;44.1%;44.0%;37.5%;28.9%;34.2%;85.1%;72.3%;42.9%;49.2%;46.2%;,32.8%;36.8%;33.3%;48.3%;22.1%;33.3%;27.8%;7.8%;29.8%;42.4%;
/players/S/SandMi01.htm,13.30;5.90;5.50;4.70;5.10;6.60;2.70;7.40;6.40;14.20;14.60;4.80;91.2,16.50;8.60;4.40;27.60;6.40;13.20;13.80;15.30;5.40;4.80;28.00;9.80;27.50;0.90;5.10;6.10;3.30;196.7,66.2%;67.2%;60.3%;63.5%;74.6%;82.7%;17.4%;46.2%;32.8%;57.7%;49.3%;30.2%;,51.9%;53.4%;58.6%;67.1%;74.0%;62.0%;50.9%;64.6%;58.0%;64.7%;53.8%;53.4%;66.2%;54.8%;53.5%;40.0%;39.7%;
/players/P/PickGe00.htm,,0.30;2.30;3.90;10.20;8.30;2.80;12.10;;11.50;14.30;7.70;0.20;7.80;5.30;11.70;2.90;13.20;114.5,,71.4%;84.7%;76.3%;70.3%;76.0%;82.8%;78.7%;85.5%;75.0%;86.3%;78.3%;67.7%;76.4%;66.2%;80.9%;72.9%;63.0%;
/players/W/WillMi07.htm,14.20;15.10;26.20;1.10;28.50;2.70;1.90;5.80;3.30;15.70;3.90;11.00;6.10;4.90;12.30;17.90;170.6,1.00;17.30;7.50;12.00;13.40;1.70;14.60;1.50;17.60;6.70;7.60;9.40;3.20;113.5,75.3%;76.1%;72.7%;85.3%;77.3%;35.7%;90.0%;82.6%;94.9%;78.9%;85.9%;87.5%;83.1%;81.3%;83.6%;72.0%;,92.5%;88.0%;90.2%;92.9%;84.5%;93.5%;76.1%;9.2%;65.0%;88.7%;85.3%;78.1%;36.8%;
/players/H/HigbTy00.htm,6.80;0.80;10.00;3.60;7.40;3.60;4.60;2.50;5.10;8.00;0.30;4.80;4.10;6.90;17.50;86,3.90;7.10;6.10;7.30;4.60;0.70;1.50;;7.30;4.50;;1.40;1.10;8.70;21.40;1.10;3.30;80,100.0%;100.0%;75.4%;79.4%;83.6%;100.0%;100.0%;68.7%;97.4%;98.2%;100.0%;92.6%;91.4%;96.6%;93.8%;,94.0%;96.8%;93.8%;93.2%;96.9%;78.5%;69.0%;78.9%;80.0%;92.2%;59.3%;84.4%;95.3%;88.9%;90.8%;89.8%;88.5%;
/players/G/GronRo00.htm,21.00;15.90;5.50;;7.10;12.30;17.80;6.20;2.90;2.30;11.50;13.70;116.2,,87.7%;81.0%;61.6%;9.8%;59.0%;82.1%;82.9%;88.0%;85.1%;89.6%;94.6%;83.3%;,
/players/E/EverGe00.htm,8.00;0.30;5.40;4.00;2.30;0.20;6.30;3.70;9.70;-3.30;8.80;6.00;12.80;3.60;2.00;69.8,11.40;7.10;2.50;12.10;0.20;2.90;6.30;3.60;2.30;3.80;8.00;2.80;4.20;;7.50;6.80;81.5,72.2%;79.6%;79.2%;47.7%;58.9%;77.2%;75.4%;85.7%;78.7%;77.1%;62.3%;84.2%;83.9%;70.8%;94.8%;,65.7%;66.7%;75.4%;65.7%;64.8%;54.8%;56.3%;68.1%;17.2%;57.6%;58.7%;72.5%;62.0%;54.4%;56.3%;44.1%;
/players/C/CookJa02.htm,5.60;2.80;2.70;13.00;2.90;8.50;2.50;6.80;1.00;2.80;8.50;2.90;6.80;3.20;6.40;8.00;84.4,,58.0%;59.2%;69.7%;52.0%;66.7%;64.3%;55.0%;42.0%;57.6%;50.0%;52.1%;54.7%;43.7%;53.8%;62.9%;69.9%;,
/players/W/WatkQu00.htm,2.30;11.70;4.60;3.30;4.80;6.40;3.70;1.80;0.90;3.30;;2.60;6.00;1.40;4.30;1.50;14.40;73,;12.90;;;1.90;;;2.50;6.00;9.10;9.50;3.70;1.90;1.00;1.90;;1.40;51.8,47.9%;50.0%;65.5%;58.1%;82.1%;76.9%;72.5%;89.2%;96.5%;89.1%;82.1%;82.1%;77.5%;35.2%;81.0%;50.8%;41.9%;,53.2%;58.9%;47.1%;59.8%;58.9%;59.2%;64.9%;53.8%;58.0%;52.9%;82.5%;50.7%;47.1%;65.8%;71.8%;50.9%;42.5%;
/players/C/CousKi00.htm,22.04;25.26;25.12;10.12;13.40;28.52;13.16;21.58;17.46;25.24;15.52;20.20;14.04;10.48;16.30;21.90;300.34,19.08;8.84;18.30;12.92;22.24;16.50;23.48;16.40;15.48;2.20;21.86;11.82;25.00;32.40;24.16;7.90;13.00;291.58,100.0%;100.0%;100.0%;100.0%;100.0%;100.0%;100.0%;100.0%;100.0%;100.0%;100.0%;100.0%;100.0%;100.0%;100.0%;100.0%;,100.0%;100.0%;100.0%;100.0%;100.0%;100.0%;100.0%;98.5%;100.0%;78.9%;100.0%;100.0%;100.0%;100.0%;100.0%;86.2%;53.5%;
/players/A/AkerCa00.htm,1.30;1.3,;6.20;10.10;1.30;3.30;0.30;2.20;6.10;3.70;18.00;8.30;10.00;32.70;13.30;12.80;128.3,20.0%;,17.9%;42.9%;50.0%;37.8%;30.8%;19.3%;16.7%;39.1%;29.6%;71.9%;42.2%;75.6%;75.4%;77.6%;100.0%;
/players/L/LandJa00.htm,14.40;0.90;3.70;5.00;1.10;2.60;10.20;9.10;10.10;5.50;4.90;13.50;81,11.40;2.50;2.20;2.70;3.70;9.30;2.00;1.40;;35.2,86.4%;3.3%;53.5%;89.8%;66.7%;79.7%;64.9%;93.3%;83.1%;79.4%;70.4%;72.7%;,72.1%;67.6%;30.4%;63.3%;78.7%;56.1%;56.1%;54.2%;34.5%;
/players/J/JohnDi01.htm,9.60;10.50;15.20;13.20;9.60;9.80;6.70;6.30;16.10;9.50;22.50;10.30;4.80;9.10;9.10;5.10;167.4,5.50;7.70;8.40;2.20;6.00;3.60;4.50;3.50;6.30;2.20;4.90;6.00;8.20;10.00;6.40;3.50;5.80;94.7,75.9%;87.5%;91.7%;92.3%;92.0%;91.9%;90.3%;86.2%;91.3%;98.4%;95.0%;97.3%;98.0%;90.3%;88.9%;85.5%;,81.0%;86.4%;98.3%;89.1%;93.3%;95.3%;93.3%;94.7%;91.7%;95.9%;95.7%;81.5%;94.5%;73.5%;88.2%;91.4%;82.2%;
/players/G/GesiMi00.htm,;4.10;8.60;11.70;4.30;11.50;14.50;6.80;5.40;;5.00;1.70;4.60;4.30;2.20;5.10;2.20;92,0.10;10.10;0.60;2.30;3.00;18.90;2.70;9.80;0.30;3.10;;;;0.50;2.40;7.80;4.60;66.2,38.9%;63.5%;66.3%;69.2%;77.8%;70.0%;82.2%;97.1%;78.7%;81.2%;70.8%;79.7%;66.7%;63.4%;75.4%;75.8%;57.4%;,41.7%;62.0%;39.5%;43.8%;53.7%;64.1%;61.3%;45.6%;49.1%;46.4%;53.9%;19.6%;39.2%;20.3%;24.0%;42.3%;38.5%;
/players/M/MahoPa00.htm,33.28;24.02;22.90;31.72;18.98;22.98;7.74;14.00;10.44;36.24;7.50;12.56;20.32;29.60;22.32;20.86;26.20;361.66,34.90;17.30;17.08;23.36;30.48;19.62;26.92;34.14;31.14;27.46;18.40;19.82;19.78;32.74;23.76;24.52;14.98;416.4,100.0%;100.0%;100.0%;100.0%;100.0%;100.0%;75.0%;100.0%;100.0%;96.1%;100.0%;100.0%;93.9%;100.0%;91.3%;100.0%;100.0%;,92.9%;100.0%;100.0%;100.0%;100.0%;100.0%;90.6%;100.0%;100.0%;100.0%;100.0%;100.0%;100.0%;100.0%;100.0%;100.0%;88.1%;
/players/W/WillJa06.htm,17.00;3.70;12.70;6.60;6.50;0.90;5.70;1.10;8.30;8.00;7.70;10.40;5.20;93.8,15.00;6.00;22.70;22.90;5.60;6.30;19.60;10.10;11.90;24.40;10.60;9.50;3.70;3.30;1.40;21.70;19.20;213.9,34.8%;38.6%;49.2%;29.6%;32.4%;30.2%;29.0%;27.1%;63.3%;47.2%;41.8%;31.7%;40.7%;,33.3%;34.4%;44.9%;48.6%;33.3%;44.1%;36.7%;61.3%;40.3%;47.8%;42.3%;30.3%;37.1%;30.9%;24.2%;46.5%;48.4%;
/players/A/AndrMa00.htm,2.00;5.70;10.90;6.70;30.70;12.80;4.80;4.40;12.30;7.30;12.50;5.00;17.50;25.60;18.50;8.90;8.50;194.1,5.20;16.70;20.90;1.50;14.90;16.60;0.40;3.30;6.30;7.00;5.40;1.70;3.10;4.50;10.00;117.5,80.9%;75.0%;79.3%;63.0%;76.7%;53.6%;68.5%;78.6%;78.1%;71.6%;67.9%;67.6%;87.8%;80.0%;79.7%;81.7%;93.0%;,83.9%;83.1%;90.0%;94.3%;95.4%;91.5%;87.5%;13.2%;92.8%;84.7%;84.7%;88.5%;92.1%;80.8%;94.2%;
/players/T/TannRy00.htm,14.18;14.58;21.48;18.82;13.98;12.94;19.40;21.20;14.02;18.62;9.22;8.12;16.54;9.92;14.56;13.50;27.28;268.36,19.34;0.88;18.76;14.38;11.54;3.88;19.40;19.02;12.54;13.04;17.76;10.70;161.24,100.0%;100.0%;100.0%;100.0%;100.0%;100.0%;98.5%;98.6%;98.3%;100.0%;100.0%;88.9%;95.8%;100.0%;100.0%;95.2%;100.0%;,100.0%;69.6%;100.0%;100.0%;100.0%;98.3%;98.4%;100.0%;100.0%;81.8%;100.0%;83.9%;
/players/L/LawrTr00.htm,19.08;6.82;7.46;17.76;21.72;15.86;12.62;5.12;9.78;8.62;17.02;6.80;1.04;10.50;12.90;7.32;18.62;199.04,13.40;18.50;25.18;5.66;10.34;24.90;18.70;6.82;16.70;20.96;24.94;16.36;33.42;26.82;18.26;4.48;10.18;295.62,100.0%;100.0%;100.0%;100.0%;100.0%;100.0%;100.0%;90.2%;100.0%;100.0%;100.0%;98.3%;100.0%;100.0%;100.0%;100.0%;100.0%;,100.0%;100.0%;98.7%;100.0%;100.0%;100.0%;100.0%;100.0%;100.0%;100.0%;100.0%;92.9%;100.0%;100.0%;95.8%;69.8%;100.0%;
/players/M/McCaCh01.htm,18.70;19.70;4.00;10.60;16.10;17.90;3.50;90.5,11.70;12.80;11.50;16.80;16.40;15.80;6.20;32.26;13.70;10.60;4.90;20.60;27.30;19.80;11.80;25.30;13.90;271.36,89.1%;71.1%;30.1%;49.2%;58.7%;90.2%;36.4%;,81.1%;91.4%;80.3%;86.5%;85.5%;86.4%;29.1%;81.1%;64.8%;65.5%;62.9%;82.1%;69.8%;89.1%;75.0%;85.1%;48.4%;
/players/G/GuytJa01.htm,4.90;2.20;0.30;2.90;3.50;1.50;1.80;1.90;;2.00;2.30;14.90;14.70;7.00;1.10;5.20;66.2,;;6.40;6.4,65.4%;70.4%;62.1%;56.0%;57.3%;71.4%;58.3%;36.2%;30.5%;53.9%;54.9%;53.1%;59.2%;35.0%;47.8%;53.8%;,7.5%;10.7%;26.2%;
/players/H/HerbJu00.htm,13.38;14.72;30.84;21.28;42.82;11.00;13.82;31.64;12.00;34.28;19.72;25.28;24.90;23.04;16.94;17.68;27.42;380.76,23.26;23.46;12.58;21.10;14.42;8.42;17.12;12.10;12.04;18.70;28.76;18.10;19.48;8.72;5.50;16.68;18.82;279.26,100.0%;100.0%;100.0%;100.0%;100.0%;100.0%;100.0%;100.0%;100.0%;100.0%;100.0%;100.0%;93.0%;100.0%;100.0%;100.0%;100.0%;,100.0%;98.7%;100.0%;100.0%;100.0%;100.0%;100.0%;100.0%;94.8%;100.0%;100.0%;100.0%;100.0%;100.0%;100.0%;79.7%;80.9%;
/players/J/JohnTy02.htm,2.60;5.00;2.30;1.30;9.40;7.10;14.60;10.10;3.80;1.30;4.20;1.50;5.70;;14.20;;83.1,;0.40;;;;;0.90;0.60;1.70;0.40;13.80;4.10;;;0.70;5.70;2.50;30.8,53.8%;45.2%;57.4%;32.8%;39.3%;32.3%;28.6%;41.6%;32.5%;33.3%;34.3%;47.5%;72.7%;1.7%;50.8%;32.6%;,0.0%;18.6%;1.3%;0.0%;0.0%;0.0%;16.9%;32.2%;11.7%;28.0%;23.8%;32.9%;0.0%;0.0%;20.3%;47.1%;37.5%;
/players/D/DarnSa00.htm,19.06;18.90;25.26;31.54;6.08;15.08;2.48;11.76;1.78;8.70;1.98;14.66;157.28,16.86;11.80;13.20;21.90;21.64;0.92;86.32,100.0%;100.0%;100.0%;100.0%;100.0%;100.0%;70.3%;86.5%;100.0%;62.9%;98.4%;98.6%;,100.0%;100.0%;100.0%;100.0%;100.0%;100.0%;
/players/J/JohnDE04.htm,;;0.90;;;0.90;22.80;8.90;1.60;15.70;2.60;;2.90;1.50;6.60;1.40;19.30;85.1,;;;0.90;;1.70;;;;;;;;;;2.6,0.0%;4.9%;6.2%;0.0%;0.0%;20.3%;69.0%;30.5%;33.3%;88.1%;35.1%;10.0%;21.5%;32.1%;38.2%;54.9%;71.2%;,0.0%;1.4%;0.0%;12.9%;0.0%;11.1%;17.9%;0.0%;0.0%;0.0%;0.0%;4.5%;2.9%;0.0%;0.0%;
/players/M/MetcDK00.htm,12.00;5.30;16.70;12.50;21.80;5.80;15.60;16.30;2.60;3.10;1.30;6.00;4.30;5.20;10.10;24.90;5.80;169.3,1.60;3.50;12.40;14.90;12.80;3.40;1.20;11.50;9.70;7.10;9.00;18.70;13.10;5.50;8.10;0.30;4.00;136.8,92.6%;94.4%;88.7%;82.1%;73.8%;75.4%;82.1%;71.9%;73.8%;91.8%;93.6%;88.6%;73.8%;93.0%;87.5%;66.7%;87.9%;,81.8%;91.8%;93.0%;75.7%;96.2%;80.9%;28.2%;62.5%;80.8%;90.4%;90.8%;86.6%;90.7%;95.3%;90.8%;81.9%;82.9%;
/players/M/MostRa00.htm,2.00;2,3.20;7.90;1.10;8.10;18.20;4.80;16.90;6.70;8.60;14.70;3.00;4.40;15.60;2.90;15.10;6.10;137.3,7.3%;,41.7%;54.9%;55.8%;71.9%;68.7%;61.5%;71.0%;64.7%;47.4%;27.5%;60.9%;72.5%;76.3%;52.0%;42.3%;36.9%;
/players/E/EvanMi00.htm,2.40;19.50;10.60;7.50;23.30;2.70;25.60;10.80;12.20;14.30;1.60;9.90;15.10;1.40;10.70;20.90;188.5,13.10;6.10;22.30;8.10;4.20;9.60;12.30;4.00;5.40;3.10;5.90;4.40;8.30;2.90;38.70;148.4,93.8%;73.0%;83.6%;88.5%;78.4%;93.3%;76.7%;95.1%;100.0%;82.1%;98.5%;92.9%;92.8%;23.0%;75.7%;71.7%;,72.6%;61.2%;90.6%;84.8%;95.8%;88.1%;94.1%;88.1%;73.3%;89.9%;83.8%;86.8%;81.1%;92.6%;83.3%;
/players/A/AlleKe00.htm,10.00;10.80;11.00;3.60;7.50;5.00;13.70;10.40;9.80;11.20;8.50;17.40;13.80;3.50;10.40;5.20;151.8,6.60;1.10;7.40;10.90;14.80;9.20;8.60;10.40;6.80;22.20;98,82.7%;91.5%;83.3%;88.0%;90.7%;91.1%;98.3%;89.9%;93.2%;81.6%;85.9%;82.8%;77.5%;88.7%;73.1%;88.2%;,32.8%;32.4%;67.7%;89.4%;96.0%;86.3%;88.7%;83.8%;84.4%;76.5%;
/players/W/WilsRu00.htm,27.06;23.32;16.62;22.56;9.08;5.64;8.48;19.48;16.74;21.20;4.24;16.54;27.84;24.02;242.82,17.80;11.06;9.06;26.48;9.16;13.82;13.78;14.24;10.68;8.48;9.66;25.58;8.26;23.58;23.12;224.76,100.0%;100.0%;100.0%;100.0%;61.5%;100.0%;100.0%;100.0%;100.0%;100.0%;100.0%;100.0%;100.0%;100.0%;,100.0%;100.0%;100.0%;100.0%;100.0%;100.0%;100.0%;100.0%;100.0%;100.0%;100.0%;86.1%;74.6%;100.0%;100.0%;
/players/A/ArmaAl00.htm,;0.50;0.20;;0.20;6.10;1.20;;;;;8.2,;;;,4.5%;11.3%;4.4%;28.6%;13.5%;11.8%;13.2%;17.9%;4.6%;3.6%;1.7%;,4.1%;0.0%;1.6%;
/players/E/EkelAu00.htm,11.70;13.50;16.70;26.50;27.90;5.50;18.40;8.20;11.90;35.50;15.90;12.40;14.40;14.20;17.20;23.90;273.8,7.20;9.40;5.30;28.90;31.90;14.30;24.70;17.10;6.30;16.00;14.00;8.20;16.40;13.00;19.90;28.10;5.00;265.7,58.0%;63.4%;74.2%;60.0%;70.7%;60.7%;75.0%;66.7%;71.2%;69.7%;67.6%;73.4%;46.5%;33.8%;58.2%;83.9%;,49.3%;62.7%;55.7%;58.6%;59.2%;65.6%;77.5%;68.1%;69.0%;69.2%;69.7%;60.0%;58.8%;69.0%;60.3%;43.8%;48.5%;
/players/P/PierDa01.htm,,3.90;7.70;16.10;19.90;17.30;11.70;11.10;13.90;10.20;1.70;1.60;9.50;11.80;136.4,,28.6%;61.9%;59.3%;68.4%;79.3%;52.3%;77.8%;78.3%;71.9%;76.8%;55.7%;72.3%;54.5%;
/players/B/BoydTy00.htm,3.20;7.30;9.60;11.80;2.40;0.70;3.90;14.74;1.10;6.30;1.30;8.50;6.30;15.60;14.50;9.60;116.84,9.30;3.70;16.50;5.62;3.20;6.60;21.50;9.80;4.40;4.20;1.60;6.00;;9.50;2.10;5.10;109.12,73.9%;87.3%;78.7%;62.1%;82.1%;62.5%;71.4%;80.0%;78.7%;70.3%;76.5%;75.0%;85.1%;86.8%;90.8%;77.1%;,80.0%;81.4%;67.6%;71.9%;96.8%;96.5%;75.0%;96.2%;66.2%;81.8%;75.7%;86.1%;3.0%;60.6%;50.6%;72.7%;
/players/F/FantNo00.htm,6.20;9.30;1.50;10.60;2.00;15.70;3.90;0.80;5.90;1.20;3.30;5.10;5.70;3.00;15.20;1.60;91,1.60;1.10;2.70;6.20;4.90;4.50;0.70;1.90;9.60;3.40;3.40;10.20;;9.20;7.20;4.00;2.00;72.6,77.3%;76.8%;86.6%;93.4%;96.7%;88.9%;90.0%;77.4%;75.9%;85.5%;75.3%;73.5%;80.0%;90.5%;88.3%;96.3%;,56.4%;53.1%;54.9%;58.6%;59.6%;63.2%;73.2%;71.9%;60.3%;51.9%;61.5%;67.2%;55.6%;51.6%;55.3%;62.5%;64.3%;
/players/P/PalmJo00.htm,1.70;2.10;;;1.20;0.80;8.40;2.20;2.20;2.30;2.50;;12.60;1.50;10.30;1.60;10.50;59.9,0.90;9.00;9.90;2.50;2.40;5.70;10.60;4.40;22.60;5.60;6.00;5.30;4.90;1.60;;5.90;97.3,17.3%;25.4%;15.2%;9.3%;21.3%;51.8%;13.3%;30.4%;30.5%;30.3%;42.3%;34.4%;87.3%;41.3%;96.8%;46.3%;60.2%;,74.6%;90.7%;93.4%;55.7%;73.2%;87.1%;91.3%;94.8%;92.3%;95.5%;93.3%;78.8%;64.8%;58.8%;57.8%;79.4%;
/players/M/MoonDa00.htm,2.60;6.60;0.90;13.50;3.50;10.50;3.90;6.40;17.60;18.10;12.50;2.70;1.90;6.60;5.90;12.90;12.60;138.7,0.80;;2.30;9.40;5.20;6.80;5.30;7.00;10.50;5.70;8.90;;61.9,100.0%;89.2%;97.8%;70.7%;76.6%;93.4%;86.4%;77.1%;80.6%;91.5%;87.1%;94.7%;91.9%;95.9%;85.1%;84.8%;90.2%;,89.7%;90.2%;93.7%;85.5%;94.0%;91.7%;80.3%;86.1%;86.5%;86.9%;81.2%;31.6%;
/players/H/HarrNa00.htm,4.90;14.10;14.20;15.10;20.20;18.70;18.00;13.80;13.30;11.90;3.70;10.70;22.40;2.60;11.00;26.60;5.50;226.7,8.60;8.90;10.10;7.40;3.60;10.90;8.00;5.96;9.90;23.60;9.90;9.20;11.00;14.60;9.50;18.30;13.00;182.46,100.0%;94.6%;95.2%;80.0%;64.6%;84.0%;83.8%;81.9%;87.4%;75.4%;58.1%;96.7%;95.9%;100.0%;77.8%;96.3%;52.6%;,58.7%;71.2%;79.7%;75.0%;49.3%;68.8%;77.3%;71.1%;59.5%;91.8%;29.0%;66.2%;56.4%;66.2%;72.1%;64.3%;63.0%;
/players/C/CookBr00.htm,13.20;13.80;11.70;4.70;2.30;8.90;2.10;14.30;5.60;1.80;10.50;5.40;10.10;22.20;12.60;2.60;141.8,8.20;5.40;2.20;11.70;2.00;4.60;7.30;4.20;7.00;6.10;9.40;3.90;16.60;88.6,78.2%;91.8%;94.5%;87.2%;84.7%;90.7%;94.6%;88.5%;97.1%;82.8%;82.5%;82.7%;81.5%;83.1%;79.1%;31.6%;,91.4%;87.3%;86.4%;80.7%;77.6%;89.2%;81.5%;64.1%;80.4%;73.8%;76.1%;77.1%;90.8%;
/players/F/FourLe00.htm,5.90;7.60;3.40;13.90;17.00;24.70;15.00;4.30;9.20;7.40;37.10;15.20;19.20;6.70;186.6,13.70;7.40;7.00;11.40;25.90;16.10;2.60;11.80;6.00;9.80;8.10;4.60;7.40;16.20;4.70;0.40;153.1,64.6%;49.2%;35.6%;82.1%;62.2%;62.7%;53.4%;60.7%;64.6%;59.0%;80.6%;87.1%;79.5%;44.6%;,75.8%;86.6%;90.8%;60.9%;62.0%;81.9%;59.7%;72.1%;61.9%;29.3%;60.0%;47.4%;58.1%;60.5%;46.2%;5.5%;
/players/W/WilsCe01.htm,2.40;2.50;7.70;9.00;4.98;4.20;15.80;2.80;;3.60;10.40;1.80;;1.00;12.74;23.90;102.82,2.80;;;2.00;;;;2.30;0.70;2.60;;1.90;2.10;;;14.4,40.5%;58.1%;38.2%;57.4%;66.7%;49.4%;57.5%;82.3%;1.3%;62.7%;73.0%;10.6%;1.4%;35.6%;46.9%;67.7%;,46.7%;31.0%;11.6%;23.9%;19.2%;6.5%;20.6%;22.8%;30.4%;43.4%;19.6%;39.2%;22.0%;26.0%;15.5%;
/players/D/DotsJa00.htm,,15.00;13.90;1.00;10.30;1.40;1.60;;11.40;16.50;13.60;3.70;7.20;95.6,,88.3%;98.6%;87.0%;59.5%;41.0%;66.2%;61.3%;78.8%;79.4%;86.3%;76.8%;74.2%;
/players/D/DaviCo03.htm,21.70;0.80;4.10;17.10;4.50;10.70;7.30;3.50;1.50;71.2,7.70;14.30;2.70;13.40;3.80;5.20;;0.90;8.50;1.50;1.40;4.50;1.70;65.6,89.2%;72.6%;94.4%;82.0%;80.4%;72.3%;84.4%;93.3%;42.4%;,67.9%;78.6%;87.2%;74.3%;76.3%;85.5%;22.0%;68.3%;81.2%;12.2%;96.6%;84.3%;76.8%;
/players/G/GreeA.00.htm,2.50;10.40;11.20;12.70;1.30;13.90;6.60;5.00;0.40;7.80;1.40;10.20;6.40;3.30;7.40;2.30;102.8,1.30;3.60;;2.00;0.70;;;7.00;5.00;0.50;0.70;;;1.70;15.10;37.6,79.7%;83.6%;79.1%;85.9%;80.3%;90.7%;84.5%;94.9%;69.1%;68.7%;67.9%;71.8%;74.7%;86.2%;80.5%;89.5%;,73.8%;85.1%;33.7%;72.5%;69.0%;47.4%;1.6%;44.1%;77.5%;53.0%;60.0%;56.9%;26.3%;16.2%;63.5%;
/players/D/DuveDe00.htm,0.60;;8.20;3.10;4.50;2.60;0.90;6.80;4.70;3.70;1.50;2.10;1.70;1.30;2.30;0.20;44.2,17.40;10.20;8.30;5.10;7.80;1.40;4.20;12.40;0.50;0.70;3.90;4.30;;2.90;79.1,57.4%;48.7%;56.9%;45.2%;87.7%;49.3%;49.3%;41.8%;60.3%;54.3%;43.2%;59.5%;66.2%;31.4%;42.3%;25.4%;,51.8%;54.2%;58.3%;64.3%;72.3%;67.8%;65.6%;65.8%;73.5%;84.1%;77.8%;94.4%;57.4%;71.4%;
/players/G/GordMe00.htm,17.80;6.90;14.10;6.70;4.30;7.30;9.20;16.20;15.50;8.30;8.80;23.10;6.10;;7.20;15.60;167.1,5.20;5.30;11.50;-1.20;10.30;0.80;5.00;11.20;7.00;7.00;62.1,50.0%;59.4%;53.7%;49.2%;60.0%;53.1%;58.0%;56.6%;52.6%;43.1%;41.9%;50.0%;41.3%;54.8%;50.0%;48.1%;,40.9%;31.9%;37.8%;18.9%;56.2%;15.5%;50.6%;55.7%;53.8%;45.3%;
/players/H/HenrHu00.htm,3.10;4.20;3.60;9.20;13.50;8.50;8.30;3.30;7.90;15.70;2.50;1.60;;19.70;0.90;3.70;8.60;114.3,2.00;;0.80;1.30;5.40;12.10;1.20;2.20;5.00;2.00;12.30;1.30;7.00;0.90;;5.20;4.20;62.9,72.0%;81.4%;72.2%;67.8%;62.5%;68.5%;78.9%;64.9%;56.5%;82.1%;50.0%;68.3%;29.4%;80.9%;85.9%;54.2%;67.7%;,77.2%;50.0%;69.7%;84.5%;98.3%;97.1%;84.6%;64.1%;66.7%;84.1%;70.9%;87.0%;66.1%;80.0%;5.4%;100.0%;100.0%;
/players/S/SingDe00.htm,8.00;15.10;2.60;8.60;2.30;4.30;2.90;5.90;10.90;4.30;4.80;3.60;8.90;15.60;13.80;23.00;23.20;157.8,6.20;2.10;15.10;7.60;4.60;10.70;8.30;4.80;14.70;15.70;8.00;11.10;4.30;7.00;18.50;1.20;139.9,75.3%;66.2%;43.0%;44.4%;26.3%;45.5%;34.2%;71.6%;37.9%;37.5%;68.2%;48.3%;82.1%;92.9%;68.4%;80.3%;75.6%;,59.3%;54.4%;72.8%;87.5%;53.6%;86.3%;74.6%;74.2%;72.0%;72.3%;77.9%;44.0%;49.2%;60.3%;57.8%;40.7%;
/players/M/McLaTe00.htm,6.20;16.70;6.20;24.30;4.60;2.80;18.20;3.50;5.90;16.30;5.10;2.20;;5.10;4.00;6.10;9.30;136.5,11.80;8.20;10.20;1.50;7.60;5.20;13.30;10.60;5.60;12.80;5.60;5.30;16.50;7.00;13.70;3.70;13.40;152,100.0%;100.0%;96.3%;97.0%;84.3%;94.9%;91.7%;87.1%;95.9%;92.5%;90.5%;92.5%;48.5%;89.1%;91.7%;95.2%;79.7%;,89.6%;89.2%;88.3%;94.6%;98.4%;98.2%;94.6%;95.1%;100.0%;85.5%;72.1%;82.3%;90.6%;92.1%;93.2%;81.2%;75.8%;
/players/H/HowaJo00.htm,17.70;13.10;8.30;6.30;6.90;5.60;2.60;60.5,;0.10;0.1,24.6%;40.4%;37.5%;16.7%;47.9%;34.9%;34.4%;,2.0%;6.4%;
/players/P/PierAl00.htm,,;6.10;8.00;8.10;10.90;3.70;6.50;2.30;;2.80;;14.60;;2.60;1.50;4.20;71.3,,51.1%;45.1%;43.9%;59.5%;65.4%;96.9%;56.9%;71.0%;64.6%;70.8%;70.3%;70.8%;77.2%;73.1%;82.8%;64.4%;
/players/S/SlayDa01.htm,6.50;11.40;0.80;6.30;;;1.70;2.70;1.30;;2.30;0.70;8.90;42.6,;;1.10;7.90;1.80;11.80;6.60;15.50;8.60;6.30;9.00;4.20;2.30;7.90;-0.60;;82.4,70.5%;56.5%;12.9%;61.1%;86.7%;55.4%;58.6%;73.3%;80.0%;66.7%;61.9%;80.3%;70.0%;,5.5%;19.4%;60.0%;54.1%;69.2%;57.1%;73.8%;79.7%;86.8%;84.4%;92.4%;82.8%;93.7%;98.6%;82.5%;4.8%;
/players/C/CollNi00.htm,0.70;3.20;4.40;2.80;5.50;2.50;0.90;2.80;;6.90;1.40;9.30;3.50;6.70;50.6,2.60;5.80;4.10;8.20;6.50;3.30;10.90;4.80;4.40;9.50;60.1,55.1%;3.3%;57.3%;62.5%;63.9%;69.6%;59.4%;64.9%;61.5%;70.4%;61.0%;66.2%;59.7%;71.9%;,67.1%;66.7%;67.8%;77.2%;81.0%;46.2%;78.1%;85.7%;75.4%;72.3%;
/players/S/SamuDe00.htm,22.90;10.10;5.20;27.70;13.10;14.00;17.10;6.30;25.30;15.40;19.80;11.90;14.90;19.10;14.20;24.96;261.96,10.60;9.70;7.90;17.70;9.20;9.00;4.40;5.10;15.40;4.30;6.30;10.40;2.40;112.4,83.6%;70.0%;90.0%;89.5%;86.2%;85.7%;82.1%;91.5%;72.1%;79.7%;65.7%;77.5%;80.7%;76.3%;85.5%;71.4%;,82.4%;77.6%;78.6%;80.0%;79.1%;83.3%;86.1%;87.3%;58.6%;78.6%;82.1%;42.9%;67.7%;
/players/M/MillDa02.htm,5.98;10.72;-4.32;24.68;6.22;3.40;20.40;3.06;18.04;14.56;18.06;8.92;27.24;156.96,15.50;7.18;9.80;13.84;5.80;18.08;8.88;11.96;14.76;9.76;5.20;18.94;9.92;9.38;22.52;181.52,57.4%;100.0%;100.0%;100.0%;100.0%;100.0%;100.0%;44.2%;100.0%;100.0%;100.0%;100.0%;100.0%;,97.1%;95.2%;100.0%;100.0%;100.0%;100.0%;100.0%;100.0%;100.0%;100.0%;50.0%;82.5%;77.6%;82.9%;90.8%;
/players/W/WallDa01.htm,16.50;6.50;5.40;11.00;4.50;5.90;9.20;2.40;11.60;3.30;2.20;78.5,7.90;11.00;2.20;2.40;;10.80;5.80;13.20;3.50;56.8,94.2%;92.4%;79.5%;93.0%;95.5%;82.1%;88.4%;90.7%;93.6%;24.1%;77.5%;,84.5%;55.2%;72.9%;80.0%;12.5%;48.5%;39.6%;57.1%;67.1%;
/players/P/PickKe00.htm,,12.30;12.08;8.28;10.28;7.34;19.06;16.00;12.16;13.28;1.60;12.66;10.92;13.90;149.86,,48.4%;100.0%;57.8%;100.0%;100.0%;100.0%;100.0%;100.0%;100.0%;14.5%;100.0%;100.0%;100.0%;
/players/O/OsboKJ00.htm,7.60;15.10;2.60;3.60;1.40;13.80;1.00;2.00;;1.90;0.50;10.70;14.30;2.10;12.80;11.00;8.10;108.5,1.40;2.50;13.30;0.50;4.10;1.80;6.80;;3.70;1.70;1.30;1.70;9.80;21.70;1.70;11.90;11.70;95.6,80.7%;59.0%;58.7%;62.7%;59.7%;53.9%;57.6%;48.1%;51.9%;51.4%;54.5%;92.1%;85.7%;87.5%;79.4%;94.4%;81.3%;,67.7%;77.0%;75.0%;84.7%;82.3%;59.6%;80.3%;80.3%;78.3%;73.7%;56.5%;66.2%;73.8%;81.1%;69.4%;79.3%;77.5%;
/players/M/MixoJo00.htm,21.00;7.10;9.40;12.70;9.50;21.30;11.90;21.10;23.00;24.30;28.30;9.40;6.80;6.00;25.50;8.60;245.9,14.50;8.30;3.80;13.40;8.80;12.80;15.10;5.90;51.10;6.20;10.60;5.40;10.80;12.80;179.5,78.3%;83.6%;74.5%;69.0%;28.4%;62.5%;54.0%;76.4%;62.7%;71.6%;72.1%;65.8%;59.7%;58.5%;81.6%;71.4%;,73.0%;75.7%;66.2%;82.8%;69.8%;71.9%;72.1%;71.7%;64.9%;21.2%;58.2%;63.6%;59.0%;54.5%;
/players/C/CartDe02.htm,;0.20;;8.40;7.30;;3.10;11.10;12.00;7.90;4.60;0.60;1.20;2.40;2.00;0.60;1.10;62.5,12.40;5.50;2.60;-0.40;0.90;1.70;3.70;5.30;12.40;3.30;13.30;1.40;;0.50;;1.40;2.30;66.3,3.6%;8.5%;9.3%;16.4%;69.9%;20.3%;54.2%;70.0%;67.1%;74.6%;72.6%;73.1%;58.8%;49.1%;21.7%;34.9%;20.3%;,37.3%;65.3%;73.8%;70.0%;59.2%;73.1%;94.4%;82.6%;86.2%;81.5%;80.3%;60.0%;15.0%;22.5%;19.1%;20.3%;60.3%;
/players/W/WillJa10.htm,4.10;7.40;10.20;5.90;8.60;6.80;11.20;4.80;11.10;4.90;17.10;23.80;20.30;8.10;8.00;3.20;6.40;161.9,8.80;8.50;6.00;2.70;26,50.0%;40.6%;40.3%;50.8%;41.7%;46.9%;42.0%;43.4%;47.4%;56.9%;58.1%;77.9%;48.5%;58.7%;52.4%;50.0%;55.6%;,57.6%;65.3%;44.6%;45.3%;
/players/G/GodwCh00.htm,14.50;12.20;13.60;5.50;7.00;4.30;17.10;20.00;5.70;13.20;0.70;15.20;10.50;4.90;144.4,3.50;5.90;6.30;9.50;4.50;7.50;3.70;13.10;17.00;6.30;5.40;14.30;6.30;12.00;3.50;118.8,98.5%;88.9%;95.9%;93.6%;68.9%;90.7%;83.6%;96.7%;95.8%;79.5%;97.0%;91.4%;94.0%;21.6%;,30.6%;82.8%;51.9%;88.9%;94.0%;89.7%;91.7%;89.3%;95.7%;86.3%;90.8%;89.2%;90.1%;84.6%;47.3%;
/players/W/WestNi00.htm,1.00;0.60;9.30;2.90;2.70;;7.60;1.40;1.00;10.70;8.50;3.10;3.20;3.80;;13.80;69.6,1.30;1.30;4.00;;7.20;;;;23.90;2.80;5.80;0.40;8.30;;2.30;0.40;;57.7,37.5%;18.2%;77.9%;81.0%;54.7%;42.6%;31.5%;37.9%;36.7%;66.7%;82.5%;73.2%;88.8%;62.9%;69.8%;73.5%;,67.7%;60.7%;56.9%;64.8%;92.2%;76.3%;74.1%;78.4%;77.4%;78.8%;75.4%;94.5%;95.5%;82.3%;75.4%;69.2%;57.3%;
/players/E/EdwaGu00.htm,,18.60;6.50;9.20;1.20;6.60;5.50;9.90;0.20;1.60;59.3,,35.9%;21.1%;50.0%;23.6%;34.4%;17.5%;40.4%;17.3%;6.4%;
/players/B/BridTe00.htm,20.46;21.22;11.80;6.80;18.62;18.26;13.78;12.62;21.86;9.04;16.16;11.98;15.16;4.92;202.68,;10.82;;18.16;9.04;38.02,100.0%;100.0%;100.0%;50.8%;100.0%;100.0%;100.0%;100.0%;100.0%;100.0%;69.4%;100.0%;100.0%;57.3%;,7.0%;60.9%;1.5%;69.2%;62.0%;
/players/A/AlleJo02.htm,17.20;16.66;37.22;20.02;36.50;28.72;29.46;9.56;20.94;16.16;26.70;11.70;35.22;20.80;30.96;20.90;23.86;402.58,31.48;29.68;26.70;23.52;35.16;26.36;17.62;24.80;19.60;12.58;29.92;16.92;20.58;35.86;22.98;21.76;395.52,100.0%;96.9%;89.9%;87.5%;100.0%;100.0%;100.0%;100.0%;93.1%;89.3%;95.5%;100.0%;100.0%;100.0%;100.0%;100.0%;93.9%;,100.0%;76.5%;100.0%;100.0%;85.7%;100.0%;100.0%;100.0%;100.0%;100.0%;100.0%;100.0%;100.0%;100.0%;100.0%;100.0%;
/players/M/MontDa01.htm,17.80;7.90;5.50;22.60;8.00;6.70;7.40;20.10;8.10;6.30;16.60;18.10;7.90;153,5.00;13.60;1.10;14.20;8.00;12.20;5.50;4.40;4.40;18.10;11.30;12.70;21.10;6.40;3.60;2.10;143.7,59.4%;80.0%;82.2%;62.1%;85.5%;94.9%;84.3%;69.7%;83.9%;69.9%;78.4%;68.2%;59.8%;,65.5%;80.5%;17.5%;72.0%;77.8%;56.3%;69.6%;70.3%;65.6%;79.7%;68.4%;76.9%;67.8%;66.7%;53.8%;47.1%;
/players/P/PollTo00.htm,4.30;20.00;6.50;6.70;10.30;6.30;2.70;4.30;9.80;7.00;12.80;13.40;8.70;5.00;5.80;123.6,2.20;15.80;10.50;0.80;14.60;5.20;10.90;32.70;18.80;30.90;6.10;22.60;18.20;10.60;8.00;1.90;209.8,23.8%;33.9%;38.2%;29.5%;39.7%;29.2%;26.0%;38.7%;41.6%;32.8%;41.9%;40.0%;40.8%;34.2%;29.7%;,55.1%;39.3%;43.8%;39.3%;41.8%;40.3%;65.1%;53.4%;86.7%;54.2%;58.7%;41.2%;57.7%;54.7%;53.4%;43.3%;
/players/N/NewtCa00.htm,11.72;26.16;6.18;13.82;23.34;4.64;0.50;;86.36,,12.0%;100.0%;72.7%;75.0%;100.0%;37.1%;1.6%;1.4%;,
/players/C/ConkTy00.htm,4.10;1.50;13.00;1.80;2.50;7.10;5.70;4.50;13.10;3.50;2.50;5.60;2.00;0.70;4.40;4.70;0.60;77.3,7.60;4.00;8.40;5.20;;1.70;2.20;19.90;0.70;1.50;5.00;0.90;2.80;0.90;3.40;8.00;1.30;73.5,71.1%;80.3%;72.0%;85.1%;74.6%;85.4%;81.8%;87.0%;84.8%;80.0%;80.0%;94.7%;70.0%;73.4%;96.8%;92.6%;66.7%;,91.7%;100.0%;79.5%;81.4%;67.8%;67.3%;74.6%;74.6%;71.7%;74.0%;79.4%;71.8%;71.6%;74.6%;71.2%;61.4%;96.4%;
/players/C/CarrDe02.htm,24.00;24.18;21.24;14.44;7.24;21.54;19.02;10.34;18.24;8.60;21.02;12.36;10.52;10.14;8.54;10.20;15.34;256.96,13.80;18.98;19.82;11.52;17.94;13.54;1.94;18.36;17.92;20.28;20.80;16.00;2.58;19.24;6.36;219.08,100.0%;100.0%;100.0%;100.0%;94.0%;100.0%;100.0%;98.6%;100.0%;100.0%;98.9%;100.0%;100.0%;98.6%;100.0%;98.4%;93.8%;,100.0%;100.0%;100.0%;100.0%;100.0%;98.2%;75.9%;100.0%;100.0%;100.0%;98.7%;100.0%;100.0%;100.0%;100.0%;
/players/P/PeopDo00.htm,0.40;-0.60;3.90;;7.00;22.10;14.60;1.60;1.00;9.00;4.80;0.50;7.60;3.80;75.7,6.00;;1.00;7.10;5.00;7.60;5.10;8.10;9.90;12.10;1.60;10.40;11.40;9.10;0.20;7.30;4.20;106.1,79.7%;75.4%;65.4%;59.0%;68.1%;78.0%;60.4%;84.7%;75.0%;92.3%;92.9%;86.8%;90.1%;80.3%;,82.5%;77.6%;87.5%;83.6%;88.1%;87.1%;93.3%;95.8%;88.1%;98.7%;96.2%;95.2%;100.0%;77.3%;97.1%;86.0%;92.2%;
/players/M/MoorCh00.htm,;16.90;1.40;;1.60;0.40;1.00;;;;4.00;9.80;35.1,3.10;1.40;6.30;;8.00;;10.50;7.00;2.30;0.70;4.60;12.40;4.20;2.50;2.10;2.00;67.1,3.6%;62.7%;65.3%;23.2%;24.6%;23.2%;25.0%;19.3%;25.0%;0.0%;45.6%;64.9%;,48.6%;65.1%;52.5%;56.1%;55.4%;63.0%;73.3%;53.1%;58.9%;59.0%;55.4%;80.3%;87.3%;91.0%;84.3%;90.8%;
/players/M/MurrLa00.htm,8.80;9.60;2.80;11.90;3.00;11.60;3.30;1.40;3.50;6.10;5.10;2.40;3.10;21.00;93.6,12.50;6.40;8.30;11.90;4.70;13.20;9.80;6.10;3.10;20.20;6.00;7.20;17.80;127.2,30.9%;35.5%;32.8%;61.6%;49.3%;37.7%;37.0%;44.4%;18.9%;27.0%;41.4%;28.8%;26.8%;54.9%;,43.3%;46.6%;39.2%;44.3%;31.3%;50.0%;81.7%;67.9%;52.8%;63.8%;46.3%;60.0%;60.0%;
/players/R/RobiBr01.htm,,2.20;12.00;8.60;2.00;3.80;14.60;5.70;18.50;11.10;10.70;5.80;8.70;103.7,,28.6%;47.4%;47.3%;24.6%;43.8%;51.8%;33.8%;48.4%;47.1%;38.1%;43.8%;52.2%;
/players/S/SamuCu00.htm,1.90;0.80;1.30;;;4,11.20;15.90;6.10;3.80;6.20;0.60;7.90;7.90;14.10;4.00;8.80;1.30;8.60;4.50;11.40;0.60;;112.9,37.3%;6.0%;23.8%;29.9%;20.6%;,71.4%;89.2%;83.1%;78.4%;90.5%;86.0%;77.0%;73.8%;75.0%;63.9%;60.3%;59.7%;65.9%;58.7%;65.8%;63.8%;53.0%;
/players/T/TonyRo00.htm,0.80;11.20;0.60;0.80;0.80;1.00;12.30;4.90;32.4,3.60;1.10;3.70;8.20;2.30;9.00;3.20;3.50;2.90;0.80;1.90;2.00;1.00;0.40;1.30;11.20;2.90;59,49.1%;43.1%;73.0%;77.8%;59.4%;62.7%;67.9%;47.9%;,36.1%;39.7%;58.1%;43.8%;44.4%;63.0%;55.6%;74.2%;45.9%;64.1%;59.0%;51.0%;51.5%;52.1%;57.6%;61.9%;61.7%;
/players/S/SwaiFr00.htm,0.50;16.00;2.10;8.00;0.90;;4.70;;;;9.20;1.80;0.30;2.50;0.90;6.50;8.50;61.9,;0.90;1.10;5.40;7.4,42.6%;75.9%;84.9%;44.6%;61.5%;78.5%;76.8%;64.9%;67.2%;40.8%;66.0%;45.7%;44.3%;91.2%;51.8%;50.0%;32.8%;,13.7%;55.1%;74.6%;32.3%;
/players/C/CharDJ00.htm,14.60;1.90;10.90;;27.4,11.20;;4.60;;7.60;9.80;15.40;1.80;10.80;5.60;1.40;68.2,85.1%;80.4%;86.8%;5.4%;,81.2%;65.6%;79.5%;16.4%;73.2%;84.2%;85.7%;76.5%;74.2%;67.6%;64.5%;
/players/B/BourKe00.htm,1.70;2.60;15.60;5.80;3.80;13.50;11.80;1.80;3.40;20.10;4.90;18.10;0.30;6.30;3.30;9.30;3.20;125.5,4.10;1.60;5.80;3.80;;1.70;;1.20;0.80;2.90;1.50;4.70;;18.90;1.80;4.50;53.3,44.0%;54.2%;76.4%;61.0%;50.0%;46.3%;53.9%;29.9%;53.2%;43.3%;45.3%;55.0%;29.4%;70.6%;46.9%;59.7%;58.1%;,3.5%;35.3%;27.3%;44.8%;56.7%;5.7%;69.2%;76.2%;38.1%;69.1%;37.0%;71.2%;16.9%;57.1%;46.7%;52.9%;
/players/B/BoldBr00.htm,0.50;;2.20;5.10;3.10;0.20;13.90;2.60;8.10;7.00;1.60;5.40;5.50;4.40;2.40;2.50;18.60;83.1,8.80;2.10;;3.40;;;0.50;;0.40;;;;;;3.20;;18.4,2.7%;0.0%;45.8%;32.2%;37.5%;20.4%;27.6%;32.5%;46.8%;26.9%;26.6%;31.7%;11.8%;55.9%;53.1%;25.0%;45.2%;,27.6%;35.7%;6.7%;15.6%;0.0%;1.7%;6.8%;0.0%;4.5%;0.0%;0.0%;1.7%;0.0%;3.8%;21.4%;0.0%;
/players/T/TaylTy00.htm,23.64;16.50;5.90;19.08;15.32;1.30;81.74,1.44;9.88;;11.32,100.0%;42.6%;100.0%;100.0%;100.0%;55.8%;,18.5%;18.8%;12.7%;
/players/H/HineNy00.htm,8.20;2.20;13.90;-0.90;1.80;2.20;1.20;2.40;16.80;2.90;3.10;0.90;5.60;6.80;1.80;1.80;1.90;72.6,5.40;3.70;3.00;0.30;0.80;4.30;10.90;;0.90;;0.30;1.80;0.70;7.00;1.10;;40.2,44.7%;37.3%;55.7%;31.0%;37.7%;22.9%;27.9%;31.3%;45.2%;28.1%;18.8%;36.2%;19.4%;19.2%;25.7%;36.2%;15.8%;,28.3%;30.0%;45.1%;31.8%;3.8%;37.5%;36.2%;6.5%;8.0%;15.4%;5.2%;30.7%;16.9%;3.8%;4.7%;5.1%;
/players/M/MossZa00.htm,13.40;15.10;12.10;9.20;3.90;5.80;2.40;8.70;0.50;3.30;2.50;3.90;1.40;82.2,1.60;1.70;5.20;0.60;0.70;0.40;0.70;0.20;1.80;8.10;7.00;7.40;18.10;53.5,27.7%;55.7%;55.6%;73.7%;54.5%;64.4%;28.4%;48.3%;28.6%;41.4%;32.9%;21.1%;22.0%;,37.3%;19.1%;17.4%;9.4%;28.6%;1.5%;6.2%;1.6%;6.9%;67.1%;69.2%;58.6%;57.5%;
/players/R/RuggHe00.htm,4.60;17.50;8.50;6.00;5.10;15.70;3.10;60.5,,65.1%;66.7%;57.8%;80.7%;83.6%;66.1%;71.2%;,
/players/S/ShenLa00.htm,5.90;;4.80;11.00;5.80;5.40;2.10;2.00;2.10;3.00;3.30;3.10;3.40;4.90;1.30;6.20;64.3,15.00;;0.80;2.60;0.60;11.90;0.70;2.10;3.80;;5.30;2.00;0.90;45.7,70.3%;80.4%;64.7%;75.0%;73.2%;78.8%;68.4%;78.7%;77.3%;63.0%;72.6%;52.5%;81.8%;67.1%;27.7%;60.3%;,18.0%;7.7%;4.0%;28.8%;6.1%;39.4%;28.1%;42.4%;29.2%;28.3%;35.3%;27.3%;28.8%;
/players/U/UzomC.00.htm,3.50;0.40;;21.50;1.60;7.50;21.10;3.30;2.40;0.90;0.90;2.00;5.60;1.80;3.60;3.20;79.3,;0.50;;1.20;1.70;0.50;2.70;1.60;;1.70;3.10;0.70;16.10;3.00;2.40;35.2,73.9%;72.7%;70.2%;82.8%;83.6%;69.4%;82.5%;85.5%;64.0%;73.0%;66.2%;86.8%;86.6%;79.2%;64.5%;90.0%;,27.4%;34.6%;44.3%;69.5%;78.2%;61.0%;62.7%;53.3%;66.0%;76.2%;45.9%;45.9%;50.8%;50.8%;55.7%;
/players/W/WaddJa00.htm,12.10;2.80;5.80;3.30;3.30;19.00;8.30;2.90;8.30;6.10;12.60;19.70;9.00;15.20;4.70;8.70;141.8,13.70;29.10;11.10;3.90;2.30;10.90;8.80;22.60;14.50;6.60;8.50;0.90;3.10;17.40;20.30;5.20;5.30;184.2,79.6%;63.5%;88.0%;78.8%;79.6%;92.9%;83.6%;94.2%;86.7%;88.4%;76.4%;74.3%;76.8%;89.2%;91.9%;89.7%;,66.7%;80.3%;74.4%;85.9%;76.1%;79.5%;79.0%;76.5%;71.9%;73.9%;61.8%;52.2%;84.3%;69.5%;74.0%;76.1%;75.4%;
/players/F/ForeDO00.htm,2.90;7.80;4.00;9.20;12.20;13.50;7.70;19.20;8.40;84.9,0.50;0.90;;0.20;0.20;1.90;14.50;31.80;2.10;19.00;2.40;11.30;7.50;0.90;22.50;3.50;6.80;126,20.7%;35.0%;18.5%;49.2%;32.4%;38.8%;33.9%;65.1%;51.5%;,13.2%;5.2%;6.6%;7.7%;4.3%;22.7%;54.0%;67.5%;42.9%;68.2%;38.6%;53.0%;47.2%;30.4%;44.1%;37.9%;25.4%;
/players/S/StevRh00.htm,-0.90;2.30;12.20;3.10;10.60;23.40;7.50;4.60;7.80;4.00;22.70;3.60;100.9,2.70;5.10;16.10;8.90;17.50;21.10;15.80;14.30;13.00;8.20;11.20;7.80;1.00;22.80;1.30;5.10;8.20;180.1,6.7%;34.4%;33.3%;15.6%;27.4%;55.2%;34.4%;33.3%;62.7%;45.6%;55.6%;14.5%;,24.6%;61.8%;62.1%;55.2%;90.0%;85.7%;76.9%;62.8%;73.0%;77.8%;81.8%;98.1%;22.0%;66.2%;91.1%;56.7%;48.5%;
/players/D/DaviGa01.htm,10.00;;2.30;;1.60;2.50;8.90;;10.50;2.70;4.70;9.00;10.30;20.50;4.00;3.90;90.9,14.80;3.70;1.30;29.10;13.40;3.50;3.30;15.30;6.80;3.80;7.50;3.10;5.60;8.50;3.90;123.6,50.6%;32.3%;29.1%;43.1%;24.6%;33.8%;43.8%;28.4%;51.7%;33.9%;42.4%;27.6%;83.3%;90.0%;86.8%;91.5%;,98.3%;95.7%;98.4%;83.9%;93.2%;88.1%;95.2%;93.3%;87.7%;89.6%;81.3%;91.5%;97.4%;89.1%;79.7%;
/players/G/GallMi00.htm,3.60;4.20;4.40;10.60;9.60;6.00;3.20;5.30;9.60;56.5,8.40;4.40;1.80;;4.90;3.50;4.10;6.30;14.30;4.00;0.20;9.60;3.90;1.00;66.4,59.5%;53.2%;94.0%;95.9%;91.4%;82.4%;91.5%;65.8%;40.6%;,63.9%;54.5%;76.1%;66.7%;84.5%;83.1%;62.5%;76.0%;66.2%;76.1%;90.7%;83.6%;85.0%;89.6%;
/players/S/SmitDe07.htm,13.10;1.60;2.80;12.20;7.70;3.10;6.10;1.50;17.60;18.60;6.10;2.20;1.50;4.00;14.00;5.40;4.10;121.6,;8.00;22.90;1.70;8.70;10.40;2.30;2.20;7.90;7.80;5.00;16.20;12.40;12.60;23.30;11.50;6.70;159.6,87.3%;84.5%;98.3%;91.9%;92.5%;98.1%;87.0%;67.7%;77.2%;84.4%;92.3%;91.0%;62.0%;87.3%;85.7%;95.1%;18.9%;,96.1%;98.6%;88.6%;86.6%;98.6%;88.7%;73.7%;89.2%;86.0%;94.1%;92.5%;86.3%;91.2%;95.9%;93.0%;98.2%;100.0%;
/players/N/NjokDa00.htm,7.60;1.80;;1.70;20.90;0.60;1.80;3.90;7.80;1.10;2.10;9.50;2.90;;8.80;1.10;71.6,0.70;3.20;14.90;4.70;8.80;5.80;7.10;1.70;8.90;11.70;2.80;1.40;2.10;10.20;84,59.3%;59.0%;61.7%;66.7%;63.9%;44.1%;59.2%;64.4%;72.9%;59.3%;63.5%;71.7%;100.0%;57.4%;71.8%;59.1%;,88.8%;94.0%;87.5%;91.8%;85.1%;80.0%;61.7%;37.3%;81.0%;95.8%;93.9%;97.1%;93.0%;92.2%;
/players/G/GoffJa00.htm,28.92;18.44;9.08;16.76;6.12;8.18;11.02;8.88;4.56;12.84;19.94;11.60;20.64;17.52;194.5,15.50;26.04;13.88;33.22;5.86;1.52;17.64;11.38;14.84;6.50;17.60;21.60;26.10;14.08;25.70;22.40;9.46;283.32,100.0%;100.0%;100.0%;100.0%;100.0%;100.0%;100.0%;93.5%;100.0%;100.0%;100.0%;100.0%;98.5%;98.3%;,100.0%;100.0%;100.0%;100.0%;100.0%;100.0%;100.0%;100.0%;100.0%;100.0%;100.0%;97.4%;100.0%;100.0%;100.0%;90.1%;100.0%;
/players/K/KnoxDa00.htm,4.10;7.70;10.90;15.70;17.70;4.50;1.70;8.00;15.20;1.40;12.00;3.80;7.10;;5.30;115.1,0.50;4.10;2.50;4.00;9.70;7.00;2.50;5.70;7.00;1.70;;10.10;15.80;9.80;7.30;87.7,56.5%;83.1%;78.5%;80.6%;96.5%;79.2%;84.5%;98.2%;90.9%;96.6%;96.2%;90.0%;100.0%;88.2%;91.5%;,86.4%;69.1%;70.7%;75.0%;84.9%;88.1%;85.5%;81.3%;80.0%;77.9%;84.0%;86.4%;82.1%;75.0%;81.4%;
/players/P/PatrTi00.htm,9.90;9.70;9.80;3.90;8.90;10.20;1.60;6.40;14.50;1.40;2.60;0.90;2.10;10.20;1.80;9.50;103.4,,69.7%;73.9%;76.1%;91.8%;95.0%;88.9%;94.0%;94.3%;61.5%;91.4%;80.6%;87.0%;76.5%;94.7%;85.7%;77.8%;,
/players/S/SchuDa00.htm,4.50;1.80;20.00;11.80;7.90;7.90;1.10;5.40;1.40;5.30;12.60;4.30;0.40;12.70;14.20;5.40;14.10;130.8,6.20;-0.20;;;4.90;7.40;11.40;2.20;15.10;3.30;8.70;1.50;4.30;17.60;3.30;85.7,67.9%;72.6%;68.4%;78.7%;73.1%;84.3%;82.2%;95.2%;66.2%;98.5%;95.9%;95.7%;84.7%;85.9%;75.3%;93.8%;59.7%;,100.0%;90.2%;90.2%;18.2%;65.1%;70.7%;75.9%;63.9%;84.0%;72.1%;93.0%;97.3%;86.3%;81.3%;86.6%;
/players/S/SmitJu00.htm,5.20;10.40;2.50;1.10;0.60;19.8,5.90;1.00;8.90;4.60;3.30;17.30;18.40;8.80;3.30;3.80;3.50;13.40;6.80;2.70;2.10;3.50;107.3,91.4%;96.4%;39.8%;95.0%;38.5%;,65.7%;73.7%;69.8%;62.5%;86.1%;88.1%;54.7%;83.0%;38.1%;38.2%;76.4%;80.9%;88.3%;83.0%;65.0%;72.9%;
/players/Z/ZaccOl01.htm,;2.20;9.20;1.50;2.00;1.30;1.20;17.80;2.20;2.30;0.50;4.60;;5.30;3.20;0.80;4.70;58.8,2.90;8.10;4.90;5.50;9.90;5.80;3.10;0.40;1.90;3.40;2.20;9.10;1.30;;1.80;;9.70;70,26.4%;58.3%;69.4%;80.3%;84.6%;19.0%;39.6%;49.2%;42.6%;46.3%;50.0%;60.6%;42.0%;61.7%;87.0%;96.2%;78.0%;,60.0%;42.6%;66.7%;56.4%;66.7%;74.1%;61.7%;80.6%;70.5%;76.2%;76.4%;73.7%;87.0%;81.1%;91.5%;61.3%;61.8%;
/players/J/JoneAa00.htm,2.20;35.50;15.60;7.90;10.90;17.00;3.90;17.00;5.30;8.60;2.30;18.50;13.00;8.70;10.60;177,7.60;29.00;2.70;11.50;8.00;4.40;19.60;15.70;4.50;21.60;8.00;15.90;5.00;16.60;3.40;11.30;4.80;189.6,49.1%;69.2%;73.0%;62.5%;68.8%;59.3%;73.2%;65.8%;63.5%;45.9%;48.8%;44.6%;62.9%;55.9%;41.3%;,60.7%;58.8%;62.9%;61.6%;73.0%;56.2%;74.1%;66.7%;40.5%;70.3%;65.6%;71.4%;37.9%;56.3%;37.9%;39.7%;55.0%;
/players/H/HollMa00.htm,;;;;1.00;6.10;7.30;;8.20;;13.20;;6.50;;4.00;;;46.3,1.60;6.60;21.96;3.30;;10.40;6.40;1.70;1.80;5.20;12.30;3.50;6.20;10.00;0.70;4.00;1.50;97.16,13.0%;21.6%;28.9%;3.8%;25.9%;97.1%;53.4%;5.8%;80.0%;18.8%;30.6%;25.7%;13.0%;18.3%;16.9%;19.4%;10.3%;,87.9%;86.6%;97.1%;96.0%;95.3%;100.0%;91.4%;84.7%;95.7%;100.0%;96.1%;98.4%;96.7%;88.2%;94.3%;85.7%;94.3%;
/players/D/DortGr01.htm,;;;3.40;0.50;3.9,6.30;11.50;8.00;0.60;;;6.60;-0.80;0.30;;10.30;;;12.30;1.50;4.50;61.1,5.7%;1.8%;0.0%;22.1%;15.8%;,90.8%;71.3%;80.7%;35.5%;2.9%;5.6%;53.0%;25.6%;7.9%;2.9%;93.0%;5.3%;9.2%;76.3%;81.1%;69.2%;
/players/W/WoodRo02.htm,9.40;7.00;3.80;10.80;15.00;9.10;9.00;17.70;10.40;92.2,1.30;3.90;8.50;9.00;3.70;2.60;0.60;;1.00;6.90;1.60;0.60;4.90;1.20;3.00;9.90;4.00;62.7,76.9%;98.3%;87.7%;95.6%;98.5%;87.9%;96.9%;86.6%;100.0%;,70.8%;66.1%;72.4%;75.9%;84.4%;74.6%;65.5%;62.7%;80.6%;75.8%;80.7%;92.7%;86.6%;80.6%;95.1%;73.8%;85.3%;
/players/H/HerbKh00.htm,;;;0.70;7.50;17.20;13.30;6.80;1.30;;0.90;2.70;0.30;3.40;8.80;0.90;1.10;64.9,10.30;4.10;28.90;10.10;1.10;7.40;14.70;15.90;2.30;5.70;0.30;3.10;4.90;108.8,1.4%;0.0%;4.4%;12.1%;53.1%;88.5%;77.3%;84.3%;16.1%;11.9%;14.3%;28.9%;8.1%;23.3%;10.8%;13.6%;20.7%;,29.3%;19.5%;60.3%;77.4%;28.0%;22.2%;40.8%;27.8%;28.4%;37.7%;41.3%;38.5%;37.3%;
/players/W/WhitRa01.htm,,2.10;0.10;;9.60;4.20;2.30;3.20;4.30;3.40;10.50;10.90;10.90;5.70;4.30;11.30;4.80;1.50;89.1,,27.4%;13.4%;9.2%;37.5%;39.2%;22.2%;43.3%;26.5%;34.5%;64.0%;89.9%;41.3%;52.6%;39.2%;35.8%;50.0%;18.2%;
/players/L/LazaAl00.htm,1.60;;4.20;3.30;0.60;8.70;12.00;8.00;0.60;1.30;14.90;2.80;11.80;13.20;19.50;102.5,7.30;10.50;11.60;9.50;13.60;5.50;14.70;4.50;5.70;2.40;6.70;0.70;6.10;5.90;10.10;114.8,68.4%;64.6%;66.7%;79.2%;85.9%;84.7%;91.1%;84.1%;59.5%;64.6%;81.5%;79.0%;86.4%;74.7%;30.9%;,80.9%;90.3%;95.9%;93.7%;97.3%;59.3%;87.8%;98.4%;91.8%;100.0%;93.9%;94.4%;89.4%;71.4%;90.0%;
/players/K/KirkCh01.htm,19.00;6.50;10.40;0.50;5.00;13.50;11.00;4.60;10.42;5.80;2.50;0.40;8.60;15.40;4.80;7.90;4.30;130.62,11.70;19.80;13.20;6.30;1.10;6.80;10.10;4.00;13.60;22.50;4.10;10.40;4.50;9.20;2.60;2.10;15.90;157.9,56.5%;62.3%;56.7%;71.8%;54.1%;85.3%;71.8%;78.0%;95.7%;85.5%;73.5%;60.4%;74.4%;96.0%;84.6%;89.6%;89.5%;,91.4%;90.1%;92.1%;93.6%;96.0%;92.1%;94.4%;77.8%;75.4%;92.2%;90.5%;85.7%;84.7%;88.6%;80.6%;82.5%;95.9%;
/players/O/OlavCh00.htm,,6.10;6.00;14.70;12.70;11.40;10.60;5.20;7.10;4.00;16.20;6.20;6.50;5.30;4.20;10.00;126.2,,73.8%;75.0%;76.8%;68.3%;40.3%;76.4%;57.8%;90.2%;76.6%;49.1%;66.7%;69.5%;49.1%;60.9%;60.0%;
/players/T/TrubMi00.htm,;1.94;7.32;-1.24;;0.30;8.32,12.66;11.42;14.98;1.46;10.26;9.04;14.06;73.88,3.1%;10.1%;12.5%;10.7%;4.5%;6.1%;,100.0%;100.0%;100.0%;51.6%;42.2%;85.5%;100.0%;
/players/M/MeyeJa01.htm,4.40;3.80;9.40;8.80;5.60;6.40;4.40;5.60;0.80;10.90;3.90;9.80;;5.30;5.90;13.30;5.00;103.3,6.20;9.50;17.10;6.00;9.40;12.00;2.40;5.20;6.20;2.20;2.70;14.30;10.90;9.20;113.3,98.7%;88.1%;95.8%;94.9%;90.6%;63.0%;77.6%;92.2%;88.7%;71.6%;87.5%;86.7%;52.9%;94.1%;75.0%;77.8%;83.9%;,87.7%;82.4%;80.0%;81.4%;100.0%;80.8%;81.0%;95.2%;29.1%;57.4%;61.5%;100.0%;81.7%;89.7%;
/players/M/MayfBa00.htm,12.64;17.52;16.94;9.30;23.00;12.16;9.50;16.72;4.92;7.94;12.28;15.00;9.98;13.00;180.9,18.00;13.30;10.70;5.88;6.60;14.20;5.04;14.20;6.54;17.40;4.08;5.48;121.42,100.0%;100.0%;93.8%;100.0%;100.0%;93.2%;100.0%;93.8%;61.0%;100.0%;100.0%;96.9%;100.0%;100.0%;,100.0%;100.0%;100.0%;100.0%;87.0%;63.3%;100.0%;95.3%;100.0%;93.8%;100.0%;100.0%;
/players/H/HenrDe00.htm,7.70;41.70;16.40;23.70;31.00;33.60;14.40;6.80;175.3,8.20;8.50;20.30;20.70;25.20;13.80;34.80;23.50;6.70;23.36;11.70;3.80;17.50;22.30;16.60;12.80;269.76,62.5%;76.1%;72.1%;59.0%;76.6%;81.1%;73.5%;74.0%;,67.7%;46.4%;74.1%;68.5%;64.1%;74.6%;74.1%;58.8%;58.1%;71.2%;56.1%;54.5%;74.6%;71.0%;73.8%;74.7%;
/players/S/ScotBo02.htm,;;0.50;;;;8.90;18.00;4.00;10.50;1.80;11.20;;;10.10;20.60;85.6,7.00;2.10;;1.60;2.10;0.50;0.50;1.20;2.40;2.10;9.70;;;0.60;11.40;41.2,0.0%;0.0%;6.9%;0.0%;0.0%;0.0%;33.3%;44.6%;43.9%;31.3%;37.2%;50.7%;4.2%;0.0%;31.7%;52.5%;,18.2%;20.5%;10.0%;14.1%;22.8%;7.7%;10.0%;19.1%;12.5%;23.3%;17.6%;5.5%;4.2%;32.7%;32.9%;
/players/H/HockTJ00.htm,17.70;12.60;1.00;4.20;2.20;7.40;4.80;8.90;;5.10;9.50;10.90;84.3,3.80;2.60;7.80;31.90;0.60;4.80;8.00;7.00;4.50;3.40;10.30;3.30;5.70;5.30;22.90;5.90;1.60;129.4,84.8%;93.0%;84.1%;81.7%;80.9%;82.5%;79.7%;75.8%;94.4%;87.5%;75.5%;84.7%;,91.3%;88.5%;75.6%;87.8%;84.8%;83.1%;86.7%;90.9%;92.8%;77.2%;79.7%;89.7%;95.4%;94.4%;90.3%;81.0%;46.5%;
/players/C/CampPa00.htm,2.40;0.90;2.20;5.60;11.10;;22.2,3.70;;1.00;4.30;2.20;11.70;13.00;7.10;1.60;13.60;6.70;1.40;4.50;1.30;1.90;5.30;6.80;86.1,60.5%;80.3%;43.7%;55.1%;10.4%;14.0%;,77.2%;86.0%;81.7%;66.7%;92.4%;100.0%;98.4%;79.3%;82.3%;80.0%;80.0%;87.5%;77.8%;82.3%;88.5%;96.6%;91.8%;
/players/D/DillAJ00.htm,2.60;2.60;2.60;9.70;13.90;5.90;-1.20;7.80;9.00;24.80;9.70;15.00;7.10;9.50;5.60;20.30;6.70;151.6,15.10;6.70;3.80;8.40;3.40;5.20;1.50;6.30;4.40;6.50;2.30;14.80;17.90;19.10;10.80;10.10;3.30;139.6,28.1%;29.2%;28.6%;40.3%;32.8%;42.4%;23.2%;39.7%;38.1%;48.6%;74.6%;51.2%;53.8%;37.1%;44.1%;52.0%;54.4%;,50.8%;57.4%;53.2%;57.5%;31.7%;49.3%;29.6%;42.4%;66.2%;37.5%;47.5%;42.9%;68.2%;36.6%;57.6%;46.0%;51.7%;
/players/M/MichSo00.htm,0.20;4.60;7.90;-0.90;10.50;4.20;0.40;5.60;8.60;3.10;2.50;18.90;7.90;11.50;19.50;15.90;4.90;125.3,1.20;1.90;3.10;2.70;;4.20;1.30;1.20;0.20;0.10;15.9,5.8%;27.1%;73.8%;10.3%;34.3%;18.2%;12.3%;29.9%;39.7%;25.5%;19.4%;97.1%;100.0%;72.7%;90.0%;98.3%;80.0%;,23.9%;12.0%;23.0%;24.3%;2.8%;32.3%;18.3%;15.9%;13.8%;7.7%;
/players/C/CallMa01.htm,1.40;0.80;10.10;7.40;20.50;3.20;3.00;8.50;9.70;8.60;2.40;1.30;3.40;11.20;4.60;9.70;;105.8,;;6.40;5.30;0.50;3.60;2.00;1.00;2.40;0.60;;;;;21.8,83.9%;72.7%;61.3%;82.4%;82.1%;91.9%;77.6%;78.9%;77.6%;76.9%;59.6%;68.6%;71.4%;85.2%;78.8%;84.5%;63.9%;,32.8%;25.0%;18.8%;96.7%;72.7%;75.0%;72.2%;32.8%;56.9%;36.8%;22.0%;16.4%;48.1%;13.3%;
/players/C/ChubNi00.htm,20.10;15.80;8.40;10.50;23.00;6.90;28.30;20.40;3.90;6.50;15.30;24.40;5.80;6.00;195.3,14.30;29.30;17.30;18.70;25.40;7.00;16.70;24.40;12.10;6.70;19.20;8.00;5.40;9.90;10.20;11.60;18.20;254.4,52.5%;57.4%;49.4%;47.4%;55.6%;55.9%;56.3%;56.8%;50.0%;66.2%;66.1%;60.3%;42.3%;24.2%;,52.5%;53.7%;62.5%;54.8%;52.2%;44.3%;56.7%;51.4%;47.8%;54.7%;59.5%;50.8%;62.5%;69.7%;52.9%;56.1%;75.0%;
/players/B/BrowMa04.htm,13.40;17.30;5.30;15.10;24.50;3.50;14.00;11.60;3.70;5.10;5.50;4.10;4.30;4.40;0.80;2.70;135.3,10.30;6.80;14.00;14.80;13.80;6.80;4.60;3.40;1.90;5.80;6.10;0.70;89,69.1%;72.4%;67.2%;61.6%;90.4%;73.9%;86.3%;81.6%;75.3%;75.3%;86.5%;94.6%;88.6%;91.5%;76.1%;81.7%;,95.4%;93.1%;95.2%;93.4%;97.1%;95.8%;97.0%;96.0%;89.2%;65.8%;90.5%;84.6%;
/players/J/JeudJe00.htm,7.20;3.90;6.90;5.10;2.50;7.70;4.70;;6.00;3.00;47,16.20;1.20;1.70;11.30;5.30;5.40;9.60;12.30;;6.50;25.30;7.60;11.70;3.80;19.30;137.2,47.0%;71.7%;60.3%;77.6%;56.5%;72.7%;60.3%;69.3%;73.8%;66.7%;,89.4%;13.9%;59.5%;88.7%;83.6%;91.4%;88.6%;85.2%;1.3%;37.7%;83.3%;73.9%;89.6%;88.6%;96.9%;
/players/B/BradTo00.htm,27.16;29.64;28.68;11.06;37.74;17.98;24.44;25.20;13.00;19.28;11.24;28.62;30.12;4.76;14.38;26.40;25.04;374.74,10.38;9.40;14.74;25.40;19.74;13.72;11.70;17.10;15.20;16.02;18.04;17.14;10.12;16.58;11.34;37.68;7.36;271.66,100.0%;95.2%;100.0%;100.0%;83.8%;100.0%;89.0%;100.0%;100.0%;88.5%;100.0%;100.0%;100.0%;100.0%;95.5%;100.0%;85.0%;,100.0%;100.0%;100.0%;100.0%;100.0%;100.0%;100.0%;100.0%;100.0%;100.0%;100.0%;100.0%;100.0%;100.0%;100.0%;100.0%;56.4%;
/players/B/BrisJa00.htm,0.40;5.56;20.30;14.76;15.00;1.00;8.46;6.64;0.20;;;72.32,10.88;15.46;17.90;14.96;14.40;8.64;10.12;20.32;16.48;25.86;13.10;;;0.30;0.20;;168.62,3.7%;87.8%;100.0%;100.0%;100.0%;1.4%;98.7%;53.6%;4.2%;6.2%;1.6%;,100.0%;100.0%;100.0%;100.0%;100.0%;100.0%;100.0%;100.0%;100.0%;100.0%;100.0%;1.6%;1.4%;1.5%;1.8%;1.6%;
/players/P/PittKy00.htm,3.10;7.30;3.50;5.00;17.90;16.30;1.30;6.20;6.00;2.90;2.60;4.80;6.10;7.70;10.20;6.90;0.80;108.6,1.90;1.90;8.70;2.50;7.90;0.90;14.00;2.70;2.80;4.30;47.6,68.1%;79.2%;83.9%;72.4%;69.2%;66.7%;83.0%;74.6%;61.1%;81.5%;78.3%;94.4%;53.6%;81.7%;78.3%;50.9%;74.0%;,84.0%;93.4%;66.7%;61.8%;56.9%;78.7%;74.6%;68.9%;88.9%;43.6%;
/players/D/DobbJK00.htm,,4.00;18.30;4.40;1.50;18.00;12.80;5.90;9.30;74.2,,45.0%;50.0%;40.0%;27.1%;42.6%;38.1%;42.3%;50.0%;
/players/D/DiggSt00.htm,6.90;12.00;6.20;11.40;6.90;14.90;10.00;8.50;22.20;14.30;13.40;5.10;7.40;9.50;14.50;5.20;14.10;182.5,18.20;32.80;7.40;6.20;16.20;20.80;16.80;9.30;12.80;10.80;13.70;15.20;3.70;5.70;2.60;16.40;208.6,92.9%;78.5%;74.7%;73.6%;73.7%;80.5%;75.3%;88.1%;79.3%;76.8%;81.8%;94.8%;88.5%;82.9%;82.3%;78.9%;81.7%;,64.4%;66.2%;69.6%;95.3%;76.8%;87.7%;79.7%;74.2%;92.0%;66.2%;77.9%;73.3%;78.0%;85.9%;67.2%;76.3%;
/players/H/HodgIs00.htm,;,4.10;;4.10;0.90;3.10;10.40;11.80;3.70;14.90;10.20;63.2,5.1%;,23.2%;4.1%;62.3%;59.2%;70.3%;80.3%;89.1%;88.9%;97.1%;81.0%;
/players/L/LockTy00.htm,22.00;23.80;3.10;2.40;5.70;3.50;1.20;14.20;2.30;11.50;9.60;12.80;22.20;3.00;9.10;22.00;168.4,2.80;10.70;7.60;7.10;22.40;1.70;4.50;10.30;12.70;10.20;12.80;18.80;12.00;6.80;1.50;11.40;153.3,85.2%;92.6%;92.5%;85.7%;86.2%;89.2%;85.7%;77.2%;95.1%;91.8%;100.0%;84.3%;75.4%;85.7%;83.3%;87.9%;,80.0%;91.8%;81.7%;78.6%;96.2%;80.9%;64.8%;68.8%;74.0%;90.4%;87.7%;88.1%;92.6%;89.1%;31.9%;78.6%;
/players/M/MitcEl00.htm,16.40;5.30;6.20;16.70;19.70;7.90;9.10;22.80;14.40;19.00;8.50;146,4.10;8.80;5.90;4.30;17.50;40.6,63.6%;61.4%;67.7%;66.1%;64.3%;66.1%;52.9%;70.0%;84.5%;58.1%;52.9%;,25.0%;35.2%;22.4%;21.4%;16.1%;
/players/G/GoedDa00.htm,10.20;2.40;6.60;11.60;2.80;9.00;7.20;4.30;2.80;6.20;;22.50;13.50;2.80;7.10;109,6.00;8.20;8.60;7.20;9.50;2.20;6.40;16.00;6.30;6.70;4.50;4.60;86.2,73.2%;65.5%;58.6%;74.3%;67.2%;92.8%;67.7%;93.0%;20.3%;96.2%;95.5%;95.8%;93.0%;84.1%;93.4%;,92.2%;83.6%;64.3%;90.2%;95.9%;98.6%;73.7%;90.8%;100.0%;94.4%;96.4%;100.0%;
/players/R/RenfHu00.htm,7.00;5.70;13.70;10.50;5.60;3.60;5.80;10.90;10.60;3.50;13.60;10.20;15.70;3.20;10.00;13.60;12.90;156.1,2.10;3.90;2.50;5.50;0.60;2.60;1.40;10.20;1.90;12.30;43,54.7%;43.9%;51.8%;66.7%;74.6%;57.1%;54.5%;65.2%;72.2%;72.3%;73.6%;91.5%;93.7%;78.3%;58.0%;69.4%;63.8%;,82.8%;68.7%;54.7%;57.1%;79.3%;74.6%;42.6%;47.2%;45.7%;57.1%;
/players/M/MoorEl00.htm,;4.70;2.20;;9.20;7.10;20.40;10.40;21.60;5.30;14.60;95.5,4.90;3.50;4.90;5.50;1.10;;;;1.70;12.00;1.70;6.00;5.40;1.50;1.80;1.10;51.1,86.2%;78.1%;48.1%;41.1%;56.9%;35.7%;59.7%;55.8%;80.0%;88.1%;86.4%;,89.3%;87.1%;93.6%;90.0%;66.1%;58.2%;16.9%;45.0%;54.0%;34.9%;68.2%;82.4%;74.6%;81.4%;70.0%;69.6%;
/players/E/EdmoCh00.htm,10.60;7.50;7.50;13.90;1.40;5.00;9.00;12.90;0.30;5.30;18.70;8.20;100.3,6.50;4.10;14.70;8.00;0.10;3.10;1.70;1.40;0.90;0.60;5.30;7.30;4.50;58.2,58.0%;63.9%;65.7%;66.7%;60.7%;37.3%;69.0%;59.3%;1.4%;38.7%;92.3%;80.5%;,63.3%;50.7%;44.2%;28.1%;14.9%;39.7%;29.0%;23.5%;18.8%;4.7%;41.8%;58.6%;36.9%;
/players/G/GageRu00.htm,;2.80;12.70;;6.40;;4.90;12.20;11.00;6.40;15.10;1.90;5.00;18.60;97,1.30;2.80;12.70;2.40;4.00;2.00;3.90;1.10;7.20;17.90;6.50;3.30;7.50;72.6,68.1%;52.8%;63.5%;67.9%;81.4%;64.8%;74.1%;76.7%;74.6%;75.4%;80.0%;87.0%;79.2%;90.0%;,41.9%;65.7%;80.0%;64.1%;73.4%;76.4%;61.2%;32.5%;32.9%;62.2%;53.1%;53.8%;54.5%;
/players/H/HiggTe00.htm,11.80;10.00;5.20;4.40;6.20;9.70;7.80;1.50;17.40;19.80;11.40;2.30;31.40;6.20;145.1,2.70;13.10;9.30;18.40;;4.70;9.30;10.90;6.00;14.80;17.40;9.50;;11.30;18.80;0.70;146.9,73.9%;90.9%;70.1%;56.9%;66.7%;76.4%;76.0%;79.7%;63.2%;78.9%;74.6%;86.8%;84.2%;82.9%;,26.0%;88.6%;67.6%;76.6%;15.9%;86.0%;83.8%;98.1%;62.2%;78.8%;82.9%;93.1%;1.5%;80.3%;88.0%;84.8%;
/players/D/DoubRo00.htm,,4.80;2.70;13.30;8.70;2.90;2.10;;12.20;1.80;5.50;3.60;2.00;;59.6,,57.4%;36.8%;88.7%;95.9%;85.7%;95.9%;88.9%;81.8%;1.4%;32.4%;60.6%;49.2%;38.3%;
/players/E/ElliEz00.htm,3.90;15.70;23.60;20.30;23.20;11.90;7.30;9.60;17.76;6.80;10.90;4.70;8.00;13.20;16.20;3.00;9.00;205.06,4.90;4.90;13.50;8.10;7.80;14.60;17.70;16.70;15.50;15.10;14.10;13.10;12.10;9.70;1.00;168.8,83.3%;71.0%;69.7%;75.4%;60.3%;70.8%;75.3%;53.2%;49.4%;68.7%;63.5%;64.3%;63.5%;62.0%;57.5%;70.3%;59.7%;,58.0%;67.2%;64.1%;63.9%;65.5%;61.2%;49.2%;29.2%;50.7%;55.9%;49.3%;50.7%;46.6%;66.3%;47.8%;
/players/P/PresDa01.htm,27.42;7.48;20.12;27.02;20.68;26.80;18.88;26.34;2.64;25.30;11.22;9.94;10.58;31.30;23.04;31.80;320.56,4.46;12.28;25.40;19.20;20.64;14.84;16.80;13.66;20.24;27.98;14.38;8.72;198.6,98.8%;100.0%;96.1%;100.0%;100.0%;100.0%;100.0%;80.5%;100.0%;100.0%;100.0%;100.0%;100.0%;83.6%;100.0%;82.3%;,76.8%;100.0%;100.0%;100.0%;88.9%;100.0%;95.6%;100.0%;100.0%;100.0%;100.0%;91.0%;
/players/C/CollAl00.htm,2.50;0.80;13.80;7.20;15.80;4.40;4.40;4.90;3.60;0.70;1.70;59.8,,11.1%;26.4%;39.3%;70.8%;60.0%;39.3%;47.4%;49.2%;36.7%;40.4%;23.0%;,
/players/M/MattAl01.htm,0.60;2.80;17.10;2.00;19.30;1.00;;0.30;4.00;0.50;8.80;18.40;2.70;13.00;1.30;2.10;93.9,3.60;1.40;10.40;7.80;4.00;0.30;10.00;0.10;1.90;0.80;1.10;7.80;;0.10;1.70;4.50;18.00;73.5,10.8%;21.3%;68.0%;34.3%;65.7%;13.5%;12.1%;16.7%;15.2%;17.1%;40.0%;85.5%;18.6%;74.6%;35.2%;37.5%;,22.6%;31.1%;38.9%;37.5%;43.0%;13.5%;23.9%;13.6%;15.7%;28.1%;14.5%;25.0%;15.4%;14.4%;20.8%;39.7%;35.2%;
/players/H/HallBr03.htm,,4.10;12.00;9.20;13.80;25.70;18.10;13.20;96.1,,45.2%;27.1%;51.3%;65.7%;69.5%;67.3%;20.3%;
/players/R/RodgAa00.htm,1.32;26.80;18.04;24.12;19.76;23.70;24.66;15.66;10.48;33.50;26.28;29.64;23.82;19.98;20.32;14.22;332.3,3.70;16.36;16.10;16.14;16.88;11.84;15.76;15.22;13.64;19.36;19.08;9.50;13.68;10.86;13.32;16.56;11.20;239.2,73.7%;95.4%;100.0%;100.0%;100.0%;100.0%;100.0%;100.0%;100.0%;98.3%;100.0%;96.9%;100.0%;100.0%;84.0%;45.6%;,91.8%;100.0%;100.0%;100.0%;100.0%;94.5%;100.0%;100.0%;100.0%;100.0%;100.0%;79.6%;100.0%;100.0%;100.0%;88.9%;100.0%;
/players/P/PennRa00.htm,0.80;0.90;0.70;1.90;6.20;25.80;4.40;19.50;30.50;25.00;115.7,6.70;1.50;6.90;27.70;5.40;48.2,13.0%;35.7%;19.3%;16.3%;41.4%;57.4%;42.1%;53.6%;63.9%;74.1%;,69.1%;40.8%;69.0%;68.6%;28.8%;
/players/J/JoneZa00.htm,10.60;;1.50;0.50;0.60;;4.30;2.00;2.20;2.00;6.30;2.10;0.50;6.70;5.00;11.90;2.70;58.9,6.50;2.30;14.50;1.20;4.20;6.80;3.50;4.00;6.80;16.50;1.60;13.70;28.90;1.10;2.40;2.10;116.1,23.3%;16.7%;26.5%;14.0%;17.9%;26.8%;18.2%;95.7%;85.2%;72.3%;69.0%;86.4%;84.1%;85.5%;75.4%;77.4%;88.8%;,82.9%;67.6%;76.3%;80.0%;98.4%;98.6%;98.6%;94.2%;93.8%;90.5%;82.1%;77.8%;95.7%;79.2%;77.8%;93.9%;
/players/L/LondDr00.htm,,7.40;16.60;11.40;1.70;3.50;4.00;0.90;3.10;0.30;9.80;6.20;2.90;9.50;5.00;7.60;4.70;12.00;106.6,,72.0%;82.0%;84.2%;80.0%;66.7%;67.2%;85.1%;88.1%;75.4%;87.3%;76.4%;86.0%;87.0%;81.1%;77.5%;77.4%;57.4%;
/players/E/EdwaCl00.htm,7.20;2.60;14.90;17.40;2.40;13.60;8.20;16.20;7.00;9.10;98.6,19.40;11.80;9.90;21.40;3.50;3.30;9.20;1.90;;0.90;81.3,72.3%;64.7%;62.0%;52.2%;25.6%;47.1%;50.9%;34.8%;70.8%;30.4%;,38.6%;43.9%;39.7%;56.3%;43.1%;41.8%;26.6%;17.0%;6.3%;7.7%;
/players/A/AdamDa01.htm,5.60;12.10;19.20;6.40;26.60;8.90;13.60;4.20;7.80;23.50;10.40;24.10;10.40;23.40;19.60;5.50;221.3,20.10;7.20;9.20;10.50;24.40;9.50;0.20;26.60;18.60;26.10;7.40;29.70;7.10;2.80;1.50;27.30;7.30;235.5,70.2%;87.7%;88.9%;87.5%;90.6%;84.7%;85.7%;92.1%;94.6%;88.1%;97.6%;89.2%;91.9%;93.2%;82.7%;32.4%;,94.8%;97.0%;100.0%;94.7%;100.0%;96.4%;72.4%;94.9%;92.9%;98.5%;100.0%;96.7%;96.7%;98.5%;96.2%;88.6%;90.0%;
/players/E/EdwaBr01.htm,8.10;4.00;8.90;0.40;2.20;6.70;10.30;;14.80;;1.20;3.00;2.40;6.80;;6.30;75.1,;0.20;1.00;;;0.30;;1.5,66.3%;74.2%;75.9%;89.5%;76.1%;76.8%;89.4%;92.8%;79.6%;83.0%;72.4%;67.8%;61.9%;69.6%;74.2%;70.0%;,46.7%;26.2%;21.2%;20.7%;10.6%;4.5%;9.5%;
/players/J/JackLa00.htm,18.00;32.26;19.28;19.44;41.88;11.78;23.08;30.64;15.42;9.40;17.62;1.18;239.98,20.22;42.62;39.42;13.06;14.76;16.10;10.70;21.82;17.52;15.46;23.06;1.34;236.08,100.0%;100.0%;100.0%;100.0%;100.0%;94.2%;83.6%;100.0%;100.0%;100.0%;100.0%;13.5%;,100.0%;100.0%;100.0%;100.0%;100.0%;100.0%;100.0%;100.0%;100.0%;100.0%;100.0%;13.9%;
/players/B/BerrBr00.htm,5.10;7.30;2.60;1.50;0.60;;7.30;0.50;1.90;;4.70;1.10;5.20;9.60;10.00;17.70;75.1,3.70;2.20;;4.68;7.40;8.60;4.20;;0.60;;1.30;0.90;2.50;1.40;;2.40;;39.88,56.9%;58.9%;77.8%;14.8%;10.7%;9.2%;23.8%;20.8%;28.6%;16.7%;19.4%;32.2%;40.9%;33.3%;82.8%;86.9%;,46.4%;22.9%;30.8%;11.4%;22.0%;29.1%;55.9%;50.8%;35.0%;12.0%;25.4%;23.5%;23.0%;42.9%;0.0%;12.9%;3.6%;
/players/J/JeffVa00.htm,14.00;1.40;4.20;15.00;1.60;1.90;10.30;8.80;4.10;5.40;15.30;10.10;12.80;3.30;0.60;6.30;3.10;118.2,;;8.70;4.10;8.90;3.90;10.40;3.20;1.90;7.70;6.10;54.9,69.2%;91.5%;76.9%;67.6%;58.2%;63.6%;93.8%;83.6%;96.2%;94.5%;98.4%;77.9%;79.3%;92.4%;95.7%;53.4%;69.2%;,53.4%;35.1%;28.3%;73.4%;87.0%;100.0%;96.9%;97.8%;93.8%;93.9%;96.7%;
/players/B/BookDe00.htm,1.30;1.10;1.20;17.80;6.90;12.60;12.50;12.20;2.00;2.70;5.40;8.40;8.20;4.60;4.60;2.60;104.1,,39.3%;14.5%;11.1%;88.2%;72.0%;81.9%;93.3%;73.2%;36.2%;16.7%;35.4%;40.6%;44.4%;53.9%;48.2%;50.0%;,
/players/C/CookDa01.htm,14.40;14.80;4.40;20.30;7.80;12.20;17.80;19.50;8.30;34.20;9.10;1.30;8.20;172.3,10.80;3.60;13.60;8.60;24.10;14.30;20.10;11.60;20.60;7.20;5.60;14.30;7.60;23.00;7.70;4.40;1.70;198.8,71.1%;77.0%;49.3%;74.2%;71.2%;79.6%;82.3%;75.7%;52.7%;77.1%;89.1%;53.7%;54.2%;,77.4%;68.9%;61.1%;62.5%;57.0%;86.5%;76.1%;86.4%;84.3%;59.6%;85.5%;75.0%;84.6%;85.6%;79.2%;58.6%;33.8%;
/players/H/HarrDa06.htm,9.70;12.40;1.10;2.60;9.80;16.80;23.30;14.00;9.30;6.50;11.20;17.10;28.30;16.70;13.30;192.1,5.80;14.70;10.60;14.40;1.20;1.00;5.20;9.30;1.60;4.90;5.20;73.9,53.3%;42.4%;30.6%;61.0%;32.8%;48.1%;46.1%;53.2%;38.7%;39.1%;36.7%;25.5%;48.4%;22.2%;48.4%;,38.6%;39.7%;37.9%;44.8%;10.0%;17.3%;41.0%;23.8%;20.0%;48.3%;52.9%;
/players/H/HarrDe07.htm,13.20;1.00;3.10;5.20;13.20;5.70;5.20;7.00;1.10;0.90;15.90;2.30;3.30;77.1,0.40;0.90;-2.00;;-0.7,43.5%;47.7%;30.6%;48.5%;3.6%;31.6%;30.3%;38.8%;41.5%;40.4%;40.0%;41.4%;29.2%;,11.5%;16.2%;3.3%;5.2%;
/players/M/MoorD.00.htm,9.40;13.90;12.50;23.90;3.80;5.90;7.30;5.90;4.60;2.40;11.00;10.30;8.40;6.80;5.50;2.90;10.00;144.5,5.00;10.30;1.50;6.10;6.70;0.70;12.60;21.50;2.40;2.90;2.40;16.30;0.60;13.30;15.10;17.70;1.00;136.1,81.3%;88.2%;74.0%;84.3%;87.3%;91.9%;96.9%;82.4%;84.7%;78.7%;94.1%;96.4%;89.1%;90.8%;85.7%;91.8%;76.4%;,100.0%;96.6%;98.4%;96.2%;92.8%;100.0%;100.0%;96.3%;98.0%;89.4%;98.2%;97.0%;95.8%;95.7%;95.6%;98.5%;91.5%;
/players/A/AghoNe00.htm,13.20;2.10;1.70;5.90;3.20;2.80;11.10;6.00;;2.10;10.00;2.00;0.60;3.40;2.30;66.4,0.80;17.00;2.10;4.60;;;0.20;;1.80;12.50;1.70;3.20;0.30;;;;44.2,85.3%;86.4%;80.6%;72.9%;67.2%;59.3%;56.6%;79.2%;87.1%;70.1%;76.6%;83.3%;49.0%;47.1%;88.7%;,57.9%;50.0%;75.8%;65.5%;11.7%;5.8%;24.4%;33.3%;58.7%;78.2%;55.6%;96.6%;83.1%;33.9%;45.0%;5.9%;
/players/P/PittMi01.htm,2.90;12.30;7.30;5.90;14.90;3.80;16.50;20.60;12.40;7.10;2.30;5.30;11.00;0.70;8.50;4.70;14.40;150.6,18.10;7.20;3.10;5.90;13.40;3.80;5.30;2.20;5.30;7.50;12.10;1.60;9.00;3.90;10.10;9.00;117.5,97.4%;89.6%;93.4%;85.9%;88.4%;95.8%;91.2%;96.3%;85.5%;87.5%;75.4%;94.2%;75.0%;53.8%;97.1%;94.8%;87.7%;,97.8%;94.4%;89.4%;98.7%;98.8%;100.0%;94.8%;90.3%;96.9%;98.5%;100.0%;93.1%;97.5%;100.0%;98.3%;98.6%;
/players/S/SuttCo00.htm,1.40;15.90;3.70;4.70;18.00;15.40;6.80;4.00;2.90;2.90;1.70;1.50;0.90;1.20;3.30;6.00;1.94;92.24,7.20;12.70;9.70;11.20;7.40;1.40;2.30;1.30;6.60;8.00;7.50;;6.40;4.40;9.30;95.4,80.3%;76.8%;76.1%;95.1%;90.0%;87.7%;94.0%;86.8%;83.3%;94.8%;72.6%;88.3%;86.8%;92.0%;78.6%;86.7%;75.9%;,95.5%;91.7%;86.5%;94.3%;93.2%;100.0%;91.1%;95.1%;92.5%;92.2%;93.3%;43.4%;79.1%;81.4%;93.8%;
/players/R/RobiJa00.htm,5.40;6.40;19.40;19.60;20.70;16.10;3.90;14.40;9.80;9.50;1.50;0.40;14.80;1.00;142.9,18.90;13.80;17.60;2.90;3.90;5.50;;1.70;11.30;1.00;1.00;77.6,63.5%;73.2%;58.8%;94.6%;67.6%;84.8%;10.5%;59.1%;63.0%;52.1%;44.1%;63.6%;84.3%;15.1%;,48.6%;63.4%;57.9%;46.8%;41.3%;42.9%;16.9%;22.0%;40.0%;22.0%;10.6%;
/players/J/JoneMa05.htm,15.24;7.44;11.60;16.90;11.54;14.76;22.18;11.68;5.96;19.92;10.38;21.50;0.46;17.16;5.10;22.28;10.84;224.94,8.52;12.68;15.94;0.92;11.66;9.68;10.14;23.28;12.50;7.30;7.48;17.50;16.26;16.22;170.08,100.0%;100.0%;100.0%;100.0%;100.0%;100.0%;84.2%;100.0%;90.3%;86.6%;100.0%;98.3%;100.0%;100.0%;100.0%;81.9%;100.0%;,100.0%;100.0%;100.0%;34.6%;100.0%;100.0%;100.0%;100.0%;100.0%;100.0%;100.0%;100.0%;100.0%;100.0%;
/players/J/JoneRo01.htm,-0.60;3.60;1.10;8.50;3.60;2.90;4.30;1.90;;9.30;9.70;0.20;0.80;7.10;14.10;2.70;69.2,3.40;;0.60;0.40;0.30;10.50;15.2,9.2%;41.3%;16.4%;16.7%;13.5%;18.7%;19.2%;14.8%;2.1%;19.2%;17.9%;2.9%;9.6%;29.7%;52.2%;27.0%;,14.5%;5.5%;2.6%;1.9%;6.7%;28.8%;
/players/W/WilsJe01.htm,2.80;5.80;0.70;;5.60;17.90;11.70;;;44.5,3.00;10.30;8.60;13.40;19.20;0.50;5.40;3.50;13.20;20.30;11.20;0.30;2.60;10.00;7.60;7.40;136.5,32.4%;58.0%;14.3%;3.4%;59.2%;87.7%;74.6%;19.4%;8.6%;,58.8%;48.7%;73.2%;66.0%;58.2%;51.7%;32.9%;35.8%;49.1%;60.9%;60.5%;37.0%;15.7%;60.0%;64.8%;64.6%;
/players/R/RalsNi00.htm,;;;;,,1.3%;0.0%;0.0%;0.0%;,
/players/G/GaskMy00.htm,7.60;4.60;7.40;0.30;21.90;1.40;13.70;5.50;9.70;4.50;15.60;17.20;4.90;5.40;1.60;2.30;1.00;124.6,;3.30;2.10;;5.4,53.7%;60.8%;51.8%;23.1%;68.5%;35.7%;63.0%;58.0%;72.0%;60.9%;73.6%;50.0%;63.8%;36.6%;30.8%;24.2%;10.3%;,0.0%;19.4%;34.2%;0.0%;
/players/C/ChasJa00.htm,15.90;11.40;18.50;7.70;21.90;9.70;26.10;10.10;2.90;10.00;3.90;5.20;20.30;0.30;12.50;44.60;2.60;223.6,18.90;5.80;6.70;8.10;5.00;25.20;25.00;9.70;18.50;12.00;5.90;14.60;155.4,89.9%;92.7%;83.0%;79.3%;91.0%;79.2%;84.1%;94.5%;94.7%;91.9%;76.5%;96.1%;97.0%;96.2%;90.8%;91.4%;9.3%;,100.0%;95.7%;86.8%;93.8%;100.0%;98.2%;92.6%;81.9%;94.0%;90.9%;97.6%;93.9%;
